file_name,pair_sha256,split,duration_sec,duration_bin,reference_raw,reference,hypothesis_raw,hypothesis,wer,word_insertions,word_deletions,word_substitutions,word_hits,word_count_ref,cer,char_count_ref
euphonia_002f4f2d5ad6ecd94202d4ef92719c02.wav,e133a2da71a3fd585c4d2b80089400c28bcabfd26a7ec4e6cfb18e987a8a6da9,val,3.437,"(3.0, 10]",can you play some music,can you play some music,can you play some music,can you play some music,0.0,0,0,0,5,5,0.0,23
euphonia_0066239dd276e14b97e7b90125a9f987.wav,ce137f5d07e0b45416ff7a49a1a8a1cae111dbcc81589285aa8193b50dcba677,val,3.065,"(3.0, 10]",what's the news?,what is the news,what is the news,what is the news,0.0,0,0,0,4,4,0.0,16
euphonia_00af0209a2c2ab4f8f93537fa9c08cb9.wav,d81a0fba853958ffa286e2bbf2c443e20e695e5b9f8559fc265492ef0faedd22,val,4.272,"(3.0, 10]",What's the forecast?,what is the forecast,what is the forecast,what is the forecast,0.0,0,0,0,4,4,0.0,20
euphonia_01c3ad8c08e6196c0d9adf5c0478b59c.wav,cf57ca86f0e95a0675271a5ced726c552bdb933c480c40a1dc30115f6906d0c6,val,6.873,"(3.0, 10]",When or where do you want to be alerted?,when or where do you want to be alerted,when or when do you want to be waited,when or when do you want to be waited,0.2222222222222222,0,0,2,7,9,0.15384615384615385,39
euphonia_02fad029c17ebc3442e6a86b7b558d19.wav,d78ed11159c637d41dc78348b43594f22a45cf3699ac7300777b268cb245e310,val,3.622,"(3.0, 10]",Just tell them what happened.,just tell them what happened,what is your name what happened,what is your name what happened,0.8,1,0,3,2,5,0.5,28
euphonia_03b107abcf78c58732ab92719e5309d6.wav,ce65afa6261f9a14adbb7d1b80fc3695fc363ac48c4f8e3a50f4ca4fd38409a6,val,6.594,"(3.0, 10]",The song is well worth several listens.,the song is well worth several listens,the soon as we were with several races,the soon as we were with several races,0.8571428571428571,1,0,5,2,7,0.39473684210526316,38
euphonia_04dd2be71e4fac46a3a02a69d24ee457.wav,d1ce66de3a4a970f975bb7bc15f83e59342e9b04748cd4132c720d5a60fb9365,val,3.901,"(3.0, 10]",Junior will not play.,junior will not play,she is no more than a player,she is no more than a player,1.75,3,0,4,0,4,0.95,20
euphonia_069c54466b8e7cca6e84873800ca8a75.wav,d6c839931cb4a9f5a0d70af89bcb5f00d1e638e3c1161725cf939bae33bfd662,val,3.251,"(3.0, 10]",I know I do too.,i know i do too,i know i do too,i know i do too,0.0,0,0,0,5,5,0.0,15
euphonia_07061b05a5647daddc63aed8a19b96e4.wav,df684fb794a91e01fa66e351ca27308e9fc1b766761e6f16bb7ea3489d49e5bf,val,6.502,"(3.0, 10]",His paw often get stuck with burrs.,his paw often get stuck with burrs,he super over gets stuck with the fully,he super over gets stuck with the fully,0.8571428571428571,1,0,5,2,7,0.5,34
euphonia_084a5a4e93984fdc2e1d6cee9abe48bb.wav,ddc16143149be425e5a92c79c2890024e68daa7f5f58bcf824d8dbd14e677b8c,val,2.879,"(1.0, 3]",hide keyboard,hide keyboard,hust came forward,hust came forward,1.5,1,0,2,0,2,0.7692307692307693,13
euphonia_092ffbe7d28a19be18e26cb37ea97f33.wav,e022ee81901c6a476241579e978e12394198f81f795b385b68b8b6327d9cce0e,val,6.502,"(3.0, 10]",Move away a chair and get a little tighter.,move away a chair and get a little tighter,you feel we enjoy an immediate little town,you feel we enjoy an immediate little town,0.8888888888888888,0,1,7,1,9,0.6666666666666666,42
euphonia_094e450c89459c094111fd857828bfde.wav,d6899c72cd9267e43d8c89f7c7844c996dd683a121c27f86f485460da43d8066,val,2.043,"(1.0, 3]",Where?,where,where,where,0.0,0,0,0,1,1,0.0,5
euphonia_09bd74d35cff0f58dc8df1af7fc361a0.wav,e6189ebd6008d5162c679f636de4bec8479ebf52270c4179b289801f1c5b449f,val,3.994,"(3.0, 10]",restaurants nearby,restaurants nearby,was it right snare fire,was it right snare fire,2.5,3,0,2,0,2,1.0,18
euphonia_0ae19412f30539082dcf8d7f8efb870d.wav,d2e19a72218a4ee93793d9934fe5c6bbfdf4911d821ddfe398c9092aab56c91e,val,7.988,"(3.0, 10]",The board disapproved of William Kendall.,the board disapproved of william kendall,the board disapproved of realm kendall,the board disapproved of realm kendall,0.16666666666666666,0,0,1,5,6,0.125,40
euphonia_0b849e411a8b40117055fdab22104194.wav,cba885e0d961d1f73295897f76418584ebf6fc21e864a028bac09ee10d7949ce,val,7.616,"(3.0, 10]",Turn up thermostat to 76°.,turn up thermostat to 76°,turn up thermostat to 76 degrees,turn up thermostat to 76 degrees,0.4,1,0,1,4,5,0.32,25
euphonia_0bb985ac8c843f33ba7df0483553b0b4.wav,e51ff07a4c80c55dda6ecc9424579d1ef08673ef9ddf284b61bf663805f7f426,val,4.551,"(3.0, 10]",I don't have a husband.,i do not have a husband,i do not have a husband,i do not have a husband,0.0,0,0,0,6,6,0.0,23
euphonia_0bffdc972e05b86fee4de4b9ccb234c3.wav,e3105c50ce4076e41d1e72cc02176f9a7fd9a67671542d8833b86ccb0889e26d,val,7.523,"(3.0, 10]",Amber India restaurant is closed on Friday.,amber india restaurant is closed on friday,i for a day restaurant is closing on friday,i for a day restaurant is closing on friday,0.7142857142857143,2,0,3,4,7,0.2619047619047619,42
euphonia_0ca21e9e932d81d4e7476638121714c8.wav,e070e1e34e883fbd462f2e0dd724781d0fc750db7d9b51004370b1988dcbfd80,val,4.365,"(3.0, 10]",What did you do on the weekend?,what did you do on the weekend,what did they do on the weekend,what did they do on the weekend,0.14285714285714285,0,0,1,6,7,0.13333333333333333,30
euphonia_0d8e5cdc0bd82f047529b06d42b89095.wav,d8dfd2ed5d8744e479639d5008d0d123132a85f470309d46d3e5c8baf008e56b,val,5.201,"(3.0, 10]",Isn't that the right thing to do?,is not that the right thing to do,it needs to be right there today,it needs to be right there today,0.875,0,1,6,1,8,0.48484848484848486,33
euphonia_0dc6f14e699f8f17df39b2dcbc176def.wav,de57f37405d40b68b9263283a28d0e9c2df9826abaa584fe9276766f9eb206b2,val,5.573,"(3.0, 10]",set thermostat to 74 degrees,set thermostat to 74 degrees,set the movement to 74 degrees,set the movement to 74 degrees,0.4,1,0,1,4,5,0.21428571428571427,28
euphonia_0dfeb0c70baabe680ad5b6f9a7d44566.wav,dd6fc8ee8294180f1cddb97f70b226f5a421c883983854d80d9537d60acd54f7,val,4.272,"(3.0, 10]",Hannah lost all hope.,hannah lost all hope,hannah was too hot,hannah was too hot,0.75,0,0,3,1,4,0.4,20
euphonia_0e1cb51a385d5c791e36256863edd1d6.wav,e079f12df2b00091836524fb40ff773118c61c86c02a5256538fbcf3e137ec33,val,2.786,"(1.0, 3]",Okay clear.,okay clear,okay clear,okay clear,0.0,0,0,0,2,2,0.0,10
euphonia_0ecbc0092c3026246c0a6cc8a86fe054.wav,cc1626d1125c894bdc94353cd345f0e21127f7c6f8c689fead69cabba1dc3590,val,2.322,"(1.0, 3]",Good night,good night,goodnight,goodnight,1.0,0,1,1,0,2,0.1,10
euphonia_0fd814ca779811d6680d432819a2332d.wav,d7de10caf537c441c84f4adca75c8454545807dcac0c7511ddc5f6b60c7d3096,val,3.158,"(3.0, 10]",What kind is it?,what kind is it,what kind is it,what kind is it,0.0,0,0,0,4,4,0.0,15
euphonia_10124557b1758e01e8aaf355f46b4bd4.wav,e249f732c298a82e6cb2d665944e687ab744d6ea2d3caa27c4a60d9667058a81,val,6.13,"(3.0, 10]",Here is Dallas Museum of Art.,here is dallas museum of art,here is daleys museum of eyes,here is daleys museum of eyes,0.3333333333333333,0,0,2,4,6,0.21428571428571427,28
euphonia_1064a3dc1672fa9417c38ab3a635f6ed.wav,cff2b67e459986d062f53f80d549947ee711a1c1ef6d39b88bbbe3412f33617f,val,2.879,"(1.0, 3]",I'm hot.,i am hot,i am hot,i am hot,0.0,0,0,0,3,3,0.0,8
euphonia_1151b305490b8e551ac8d31682185367.wav,e6c707d236d05c5518a338aa5b465435c271c0ca0b9ffea3738dfbd927d08519,val,3.715,"(3.0, 10]",How long will it take?,how long will it take,are you ready to take,are you ready to take,0.8,0,0,4,1,5,0.6190476190476191,21
euphonia_12a59cf8db5090a341ce540f4be12018.wav,d5503ac7c8aaf8de633c8fbe3c9637aa3ce8202aef988b2961c1fa9be605785b,val,2.972,"(1.0, 3]",I may not go back.,i may not go back,i may not go back,i may not go back,0.0,0,0,0,5,5,0.0,17
euphonia_12b84e6f5332ef95dbf90246c84cb565.wav,d946218868f798eb8c5ab8b44ae2693a14dec3de5f6f93629989b09937052b58,val,2.694,"(1.0, 3]",Patter.,patter,peter,peter,1.0,0,0,1,0,1,0.3333333333333333,6
euphonia_1396e8b86181797611292cce9ecce839.wav,daff26ba873dd2ac7c79ca1ec331a49bf474938be26b0335d974e5bd14ab4685,val,1.765,"(1.0, 3]",mobile,mobile,bye,bye,1.0,0,0,1,0,1,0.6666666666666666,6
euphonia_13ae1af945a0fb2d8709611c8178f307.wav,d8d9a90df33b66b51c589ef9cfbbc9d8aeae72af4ce0b8e43568a3e61aa5338e,val,5.851,"(3.0, 10]",The romance lasted a year.,the romance lasted a year,the romance lasted a year,the romance lasted a year,0.0,0,0,0,5,5,0.0,25
euphonia_141719779c3717723b6643a63cf91182.wav,da4fdc7fdc013d93450e7da56cf36ff46156e69a23edd629d4883bc7c175707f,val,5.851,"(3.0, 10]",I can hear and understand everything you say.,i can hear and understand everything you say,okay and i just did everything you say,okay and i just did everything you say,0.625,0,0,5,3,8,0.38636363636363635,44
euphonia_15e41f2a43e653d09656d4c5d7b146f3.wav,dcfde5ce70f76b25a492494acf47035c6b165b4006a406ce6117e3815c7d5d8e,val,8.081,"(3.0, 10]",She subscribes to all major academic journals.,she subscribes to all major academic journals,she subs club store major academic journals,she subs club store major academic journals,0.42857142857142855,0,0,3,4,7,0.2,45
euphonia_16a720689aa2b6a516b88ce100725844.wav,d38bd720a9993c076ef9e2786a7d2e21f4e15d621e5b836bd46501442f25a8c5,val,8.173,"(3.0, 10]",All other camps are declaring a result.,all other camps are declaring a result,all other camps are declaring a result,all other camps are declaring a result,0.0,0,0,0,7,7,0.0,38
euphonia_17fa77aa79d3c3b44dfa4cb82603b417.wav,de92518c5d748540ed6b9205f9bf841c72aa2a8bd2ab1eb28c8f095e3bcc318d,val,4.272,"(3.0, 10]",Thanks for reminding me.,thanks for reminding me,thanks for reminding me,thanks for reminding me,0.0,0,0,0,4,4,0.0,23
euphonia_184c543f5099ab6e46ac24ab94a4ce36.wav,de98e6e84da0932032f4c08647a10043fd330cd78f2791cbefbad7164d997a05,val,3.344,"(3.0, 10]",play something else,play something else,play japanese,play japanese,0.6666666666666666,0,1,1,1,3,0.5263157894736842,19
euphonia_189122d33f023a4815cb8ad162af945d.wav,d6dc2c908c861bcaaf3ebef62a6b2c225fd71c04424c6d6c47f1977c20a8e6ec,val,2.694,"(1.0, 3]",Turn it off,turn it off,turn it off,turn it off,0.0,0,0,0,3,3,0.0,11
euphonia_18a4c3a19a13a0efec525447fd9ba82a.wav,e659d5236e147eefe0a7d0b52510245a89c214c63df40ad82718bf4839518e36,val,10.124,"(10.0, 30]",You have updates from Four Shared and three other apps.,you have updates from four shared and three other apps,you have updates from full field and the other apps,you have updates from full field and the other apps,0.3,0,0,3,7,10,0.18518518518518517,54
euphonia_190f77b984f92621e8bddd79af285629.wav,d7b862e1ad5abf93503248aed880425134055df26193f22b7710126895d3a3cd,val,1.486,"(1.0, 3]",Show me.,show me,show me,show me,0.0,0,0,0,2,2,0.0,7
euphonia_1942eca39b6adc426300c70fe75593ce.wav,e4f5a573367a6c2d4acd966b84652e483c98acf7cf5b22d2dc45b558d7dd1a0b,val,5.851,"(3.0, 10]",I thought you would be smarter than this.,i thought you would be smarter than this,i thought it would be slightly natural,i thought it would be slightly natural,0.5,0,1,3,4,8,0.425,40
euphonia_196bb8dc2487bde784f45a3d45fa2e7b.wav,dd4d07c5f4714b9c427895982f1070da0d69dd409eff4f2b04139b9987e2f8b3,val,2.415,"(1.0, 3]",Would you come?,would you come,when do you come,when do you come,0.6666666666666666,1,0,1,2,3,0.35714285714285715,14
euphonia_1a5aba16dacd3f5d31389ea3790f2c7e.wav,dabb29ecaf4836ed4d2ef373edfcbdc4de08fed154b7ce8defc0008fb62d089e,val,3.901,"(3.0, 10]",Set timer for two minutes.,set timer for two minutes,set timer for two minutes,set timer for two minutes,0.0,0,0,0,5,5,0.0,25
euphonia_1b00400422e8995552dc2f9ae777c7e8.wav,d7c8186bc75850acfb26cd4a962ed41ef2718fd542ffe9bc67ea85af65255708,val,3.437,"(3.0, 10]",What time would I be done?,what time would i be done,what time would i be doing,what time would i be doing,0.16666666666666666,0,0,1,5,6,0.08,25
euphonia_1bd22b01bf6ab483c80bf60319b77053.wav,e0cfc1eaabdacde968e6878e556557ed2e08e35aebb9ea91b8a4e1a4cd47662d,val,7.802,"(3.0, 10]",Like vinegar fruit flies love the smell of wine.,like vinegar fruit flies love the smell of wine,like figure flute flies like the smell of wine,like figure flute flies like the smell of wine,0.3333333333333333,0,0,3,6,9,0.2127659574468085,47
euphonia_1c1d74d380b6d56ea78da5e77eb56642.wav,d0ed0fdd81aa20233525c79d1a135c94f0d69d276fe27680b0189db801ad31c2,val,4.644,"(3.0, 10]",The fruit came in a box.,the fruit came in a box,the fluid comes in a box,the fluid comes in a box,0.3333333333333333,0,0,2,4,6,0.17391304347826086,23
euphonia_1cde9e3c50373ee21e70d976ff9f092b.wav,d8c145bce05cf2d9fd1cf5621cba744e4af09f4e223cb9c5ac312be14e851fec,val,1.579,"(1.0, 3]",five,five,bob,bob,1.0,0,0,1,0,1,1.0,4
euphonia_1d1e4025309ebc2f6c0f411d4284f9c8.wav,d240d515beb2eac1c0c272ab9f559ad8b547308d0dde62a2bfc72831d73cd625,val,3.715,"(3.0, 10]",What grade are you in?,what grade are you in,what grade are you in,what grade are you in,0.0,0,0,0,5,5,0.0,21
euphonia_1d421eaa2e78b61f3b78cbb707f814d1.wav,d6d34183a3e874dbf3ea12bcd5e823d05796af573c9184bf4a3a73fcc6470ae0,val,2.508,"(1.0, 3]",See you soon,see you soon,see you soon,see you soon,0.0,0,0,0,3,3,0.0,12
euphonia_1d76428c6b50378a5a97760f68e197ac.wav,cc4b3a30c34cdbbddde72b8b21861633add5148e2af406ffe024e3927588c0ca,val,4.458,"(3.0, 10]",Sounds like hard work.,sounds like hard work,sounds like hard work,sounds like hard work,0.0,0,0,0,4,4,0.0,21
euphonia_1dabd3c32de9ea32653d1fadd189e9cb.wav,cb5bc1d4cf88806211eebd75f48daaa94b0c2a7accf08cf458083472a8d3dc3a,val,2.694,"(1.0, 3]",stop the alarm,stop the alarm,stop the alarm,stop the alarm,0.0,0,0,0,3,3,0.0,14
euphonia_1f57bb193dd67c5deac13ce73c3f7362.wav,db1cf861e4fb6d9f6b91a998b96d27eecf8d67e3b4ebdc55a14cf4ae0fba2293,val,2.508,"(1.0, 3]",Tell me a joke,tell me a joke,tell me a joke,tell me a joke,0.0,0,0,0,4,4,0.0,14
euphonia_20f6d438e206d1a221e02ab2b3b27ff5.wav,ccd89bca647c359a62633e6542085ba45e436bb7a53fe971777e3e371bb414e9,val,6.13,"(3.0, 10]",You have messages from Cortez.,you have messages from cortez,you have messes from cuts,you have messes from cuts,0.4,0,0,2,3,5,0.20689655172413793,29
euphonia_20ffdf991f0af7f3e1680e051faa7133.wav,d52a889dc925429ba5042ec0e242da2b8cac75f355770923e7b0d9f722c1f6f8,val,8.638,"(3.0, 10]",Like you said they're trying to break into hollywood.,like you said they are trying to break into hollywood,like you said they are trying to break into a row,like you said they are trying to break into a row,0.2,1,0,1,9,10,0.1509433962264151,53
euphonia_21ffcf98a19d2fb66476aaec702cc94b.wav,d25fac26ec105948c25698194ce6e7a32930b174f3c1e49a6586147fce4bb3ab,val,5.666,"(3.0, 10]",Help me change the Skywire settings.,help me change the skywire settings,help me twist the camera set,help me twist the camera set,0.5,0,0,3,3,6,0.4857142857142857,35
euphonia_22af02d466c6c4f6a1e4475572ccc89b.wav,d7cddb7cfe43f3834a9092ebf7448e7f2a359b28f9a4de0573556422929b03b6,val,5.573,"(3.0, 10]",Change your Assistant's voice.,change your assistants voice,touch your instant face,touch your instant face,0.75,0,0,3,1,4,0.5,28
euphonia_22e6754d9f8b311acec9114f7d609577.wav,e0cf257b38c8f2c7f610d5defaf64b0a802c25cba0619d0b662ea35d65b6f984,val,2.322,"(1.0, 3]",100,100,what i said,what i said,3.0,2,0,1,0,1,3.6666666666666665,3
euphonia_23913677fbbc87c08263d317d2ff4ea0.wav,c9523f4c6d582bdc1cc9e51a7387a6902344792fd7212a9f1c15b88e08dd5d88,val,2.786,"(1.0, 3]",Do you like her?,do you like her,do you want to show,do you want to show,0.75,1,0,2,2,4,0.6666666666666666,15
euphonia_244e3840fd43f40d57515576957a64b6.wav,ca3d01e287fddf8561825dee823409602cfb8a6ec7ce7919f06a41c2fca4e463,val,2.322,"(1.0, 3]",I like jokes.,i like jokes,i like sex,i like sex,0.3333333333333333,0,0,1,2,3,0.3333333333333333,12
euphonia_2535c58130e79535393bb01e5a4bd57f.wav,e185d8a47f5971a32e199fdc9a3bcf92d4249d17016ba73a057cacca5d455708,val,5.666,"(3.0, 10]",This is the sound of a babbling brook.,this is the sound of a babbling brook,this is the sound of a bernie bloke,this is the sound of a bernie bloke,0.25,0,0,2,6,8,0.24324324324324326,37
euphonia_258f43075d8a88be9dfffb467b08f53d.wav,e86d6c338d8492a4865088c3dba4d423a72344b9a86a5a45a42b5834918d2f08,val,11.424,"(10.0, 30]",Myanmar Digest is a weekly newspaper published in Burma.,myanmar digest is a weekly newspaper published in burma,moan my dessert is a weekly newspaper published in bromo,moan my dessert is a weekly newspaper published in bromo,0.4444444444444444,1,0,3,6,9,0.2,55
euphonia_260b38430d1c41be180700a003c3fc6f.wav,ccb6b0a9dd2412df1ef3c80cf0cd6088bcb752e8053c10343b187538a154bf71,val,6.037,"(3.0, 10]",Others scattered around the world.,others scattered around the world,iders kitty road around the world,iders kitty road around the world,0.6,1,0,2,3,5,0.30303030303030304,33
euphonia_264caa09f6b0e6bc9b822112c2b7f0e7.wav,ce2080bee89432e87235b0a62ce73a918fea41e82db7abdbc29cd8749ca56c2e,val,8.916,"(3.0, 10]",But still I think it's kind of their business.,but still i think its kind of their business,but there are still some kind of their business,but there are still some kind of their business,0.4444444444444444,0,0,4,5,9,0.36363636363636365,44
euphonia_268c25a9473b1429567b829160008e51.wav,d3c29053ba7b025a79fe75c7cf1194bf4555521a99ceb91643a6608d99a66adb,val,1.95,"(1.0, 3]",start over,start over,start over,start over,0.0,0,0,0,2,2,0.0,10
euphonia_26e350767d076aad02f1dd6b2b1160b4.wav,e242ac72ea477f82c85f253e738a244fa3634d85e1d979b12637bdf9479a346a,val,2.322,"(1.0, 3]",first one,first one,best one,best one,0.5,0,0,1,1,2,0.3333333333333333,9
euphonia_274718cfcbb2b5ba2969ff4bf22d643d.wav,e24c409d59d64b14534bea0893be8b067b0cca96511e976b234e39e222077c99,val,4.087,"(3.0, 10]",What time will you be home?,what time will you be home,what time will you be home,what time will you be home,0.0,0,0,0,6,6,0.0,26
euphonia_27dcc123713d76083a7bc502fe8e7aba.wav,e68f12e26df23b22befaf30117dc9379cb197dd78b76cbfc1920ee500c8b541b,val,3.715,"(3.0, 10]",I feel scared.,i feel scared,i feel scared,i feel scared,0.0,0,0,0,3,3,0.0,13
euphonia_2811e776717be757ccf41f4e59c105fa.wav,d3ad3d9e3ad3ac0fe38d7d5dcc2384c8d2e320a6cabbb45e504da3d31a4aff5d,val,5.573,"(3.0, 10]",You could cook an elaborate meal.,you could cook an elaborate meal,you could cook an elaborate meal,you could cook an elaborate meal,0.0,0,0,0,6,6,0.0,32
euphonia_28b1906a210450a88c414f0ea26c3e4d.wav,d6254115a27b1b1839f8b04211a751a708192d63f11a03db2a8e8769f93ee441,val,2.601,"(1.0, 3]",Bladder.,bladder,briar three,briar three,2.0,1,0,1,0,1,1.1428571428571428,7
euphonia_28d689553eccd7a3a739a01488ea96f9.wav,caa0f5b2359487478d4749e1ea5cd4ca3cdd3ae8680f8892bd3d81ea5ffda781,val,4.923,"(3.0, 10]",I would like to make a date with you.,i would like to make a date with you,i would like to make a date with you,i would like to make a date with you,0.0,0,0,0,9,9,0.0,36
euphonia_299d4e74b1479d5ceae9a2b24a14a9ab.wav,e2465199072d918634c0a595fd79605127b29a640d1fc7d0a835182d04ec2b47,val,4.087,"(3.0, 10]",Can you bring me flowers?,can you bring me flowers,can you bring me flowers,can you bring me flowers,0.0,0,0,0,5,5,0.0,24
euphonia_29fe9ce83ccf54760c109b5fb4a47544.wav,d6539966829ac4adb907f734b7da28309cde08fd27674bc0c27885e2f7de13d2,val,5.294,"(3.0, 10]",Playing some music on TuneIn.,playing some music on tunein,playing some music on tuesday street,playing some music on tuesday street,0.4,1,0,1,4,5,0.39285714285714285,28
euphonia_2a53fc268c84920e54abc82ec54e3b72.wav,cf02b3624ff09e3bab004bc320a9f95b4ab0ddb0dd930183288f6dc51ded8c93,val,1.115,"(1.0, 3]",hint,hint,heat,heat,1.0,0,0,1,0,1,0.5,4
euphonia_2a5463b0bcbe67932b05314fce193952.wav,ce40ec838e245575d3285b2cbff573c0eaedfd8ac3fb6bc0d57536c871553bf5,val,2.786,"(1.0, 3]",I don't understand,i do not understand,i do not understand,i do not understand,0.0,0,0,0,4,4,0.0,19
euphonia_2b03d097398c05b3406f0881af3bc91a.wav,cab4e3ffa85a4cb5335a05cd313e5f05c08432a97843f87acfeda1b502794e23,val,2.601,"(1.0, 3]",Please wait for me.,please wait for me,can you wait for me,can you wait for me,0.5,1,0,1,3,4,0.3888888888888889,18
euphonia_2bb60036f8c49db32a01443b9bf59156.wav,cdb0c2a024583535468867313e893585b71edea638e8db7b51be1eabb5f7786f,val,4.18,"(3.0, 10]",play my Spotify,play my spotify,play my spot for you,play my spot for you,1.0,2,0,1,2,3,0.4,15
euphonia_2c4ccc77f29b1a98735bd8555b34b4ad.wav,db9dde4cebbd450c001cae3231430b11d4c96aab8bdff3900fe2a3500711421c,val,2.694,"(1.0, 3]",Good,good,you bother,you bother,2.0,1,0,1,0,1,2.0,4
euphonia_2c6e24a9d466adde1802cf5f467e8142.wav,d5d76c6de42c280a8981e7aa941c722b542b8f2b9095c9b5e996ba87ae2efa1f,val,3.901,"(3.0, 10]",Would you like to go with me?,would you like to go with me,would you like to go with me,would you like to go with me,0.0,0,0,0,7,7,0.0,28
euphonia_2cdaffbcae0677551e15143ddc7067b6.wav,de4515fb5fa8f93ecc60ec9591fcf5f9a53978f14f125e5a589a15df8ac84e1c,val,2.879,"(1.0, 3]",How about it?,how about it,how about it,how about it,0.0,0,0,0,3,3,0.0,12
euphonia_2d357e6ad27b16e1e54ea785f40a05f4.wav,e64aa7e475170cec0e89e57f608e3114061520029339d471348f4b3cdfccecbd,val,4.272,"(3.0, 10]",lower family room lights,lower family room lights,roar biminolum likes,roar biminolum likes,1.0,0,1,3,0,4,0.5833333333333334,24
euphonia_2d4cdf134e9d184d3a9c4d709e7d2d92.wav,d67281cabdb875697fc5b565e96fe9c881ae79e74025269ee0922c1889f1cff4,val,3.901,"(3.0, 10]",warm southern wind,warm southern wind,worm southern wind,worm southern wind,0.3333333333333333,0,0,1,2,3,0.05555555555555555,18
euphonia_2eb30592765d0afa20434b45ccfa93b2.wav,cf01182bb88a108b8b6860ec389b8d4e3fe40f984795044e7f9551111f79fb65,val,4.18,"(3.0, 10]",It's not my cup of tea.,its not my cup of tea,its not my cup of tea,its not my cup of tea,0.0,0,0,0,6,6,0.0,21
euphonia_2ec7b7fc170e137d663c9c001a3f823c.wav,d1974556cf0106c4544dad89c9e67d71125e236fab978fe1c6c03a96eddc6f46,val,4.087,"(3.0, 10]",May I take a message.,may i take a message,may i take a message,may i take a message,0.0,0,0,0,5,5,0.0,20
euphonia_2ed3d9f07d95a2b782d8f46f77df3d1e.wav,d14b4e7ffd889450bbbdbe1bd916b8c4cc908941eda8a65fae494d6384c03441,val,4.644,"(3.0, 10]",What is the weather today?,what is the weather today,what is the weather today,what is the weather today,0.0,0,0,0,5,5,0.0,25
euphonia_2eded36497cd27016ad7ade16b53307b.wav,e72c654b5c23a31ad34854c7edf67ce8b45bf04f52f58385f377ab17642efc70,val,8.731,"(3.0, 10]",Turn left onto Sunrise Highway North Service Road.,turn left onto sunrise highway north service road,turn left on sunrise highway north sebastian road,turn left on sunrise highway north sebastian road,0.25,0,0,2,6,8,0.16326530612244897,49
euphonia_2eef6056b29e5d546ed0f442289c152d.wav,dcf108e90db422b6a81d00091652a97ee060f486bd6589f60808c264ebbe9dba,val,9.567,"(3.0, 10]",I don't think I over eat and I do exercise regularly.,i do not think i over eat and i do exercise regularly,i do not think i will visit and i do exercise regularly,i do not think i will visit and i do exercise regularly,0.16666666666666666,0,0,2,10,12,0.1509433962264151,53
euphonia_2f5320b95a7be4108faf1d5e013d7bdb.wav,d41a679ddd85488bbab46d926f2b57301f292af15072e9bd6389d5535d159d32,val,2.786,"(1.0, 3]",turn off the light,turn off the light,turn off the light,turn off the light,0.0,0,0,0,4,4,0.0,18
euphonia_2f55bbab787def78570dae068967fe57.wav,de8bea55b6c5d5b5dd2b0ac2184e631e5bf5167bba9352a5fd7cd29057860ec5,val,10.403,"(10.0, 30]",Your reservation at Hotel Monaco ends July 23rd.,your reservation at hotel monaco ends july 23rd,you are reservation at horton monago and france part said,you are reservation at horton monago and france part said,1.0,2,0,6,2,8,0.46808510638297873,47
euphonia_30e3f00aefba77bf7ac87ff7e3a4d0e4.wav,d8c288d590049c0b299721400d39bf09834cd32c194d0bbf90673f22b85d9d06,val,3.344,"(3.0, 10]",We are going home.,we are going home,when i go home,when i go home,0.75,0,0,3,1,4,0.47058823529411764,17
euphonia_312dfb4d82628176e47e93cb8b5f920c.wav,d05d776e7f737050d01bbb6e2977197f7f9f70a71373857958e0e04c6e6b70a1,val,5.016,"(3.0, 10]",Can you follow me?,can you follow me,can you follow me,can you follow me,0.0,0,0,0,4,4,0.0,17
euphonia_31acb6d2b22a30732e6ee72a6d89ea6a.wav,d0c027974a6d1304d40e8192aa96acc36b3d31b800d25dc663fda9c068982881,val,8.081,"(3.0, 10]",I only smoke and I only drink beer occasionally.,i only smoke and i only drink beer occasionally,i always make and i always think be occasionally,i always make and i always think be occasionally,0.5555555555555556,0,0,5,4,9,0.3404255319148936,47
euphonia_31e017858868a4a34a745e5ae3c3b630.wav,cb0181b532acd82d1404c9c57596490acd30c23d8b647a6e35767ecf43168ed3,val,2.786,"(1.0, 3]",How is the weather?,how is the weather,what is the weather,what is the weather,0.25,0,0,1,3,4,0.16666666666666666,18
euphonia_32141d3dbfdccf27e26a6284e678d955.wav,d27c78c92f16badc2f3a9796d2d5b7c43cf0bf6987f867ed5937250935c2f5a4,val,2.601,"(1.0, 3]",How are you doing?,how are you doing,how are you doing,how are you doing,0.0,0,0,0,4,4,0.0,17
euphonia_341b01416c5567c8767e14177255d3b5.wav,d29110c424d9dde1fd5611ecd965c4e48fb308e060a29f2c79846a3ec72a09e4,val,2.043,"(1.0, 3]",17,17,17,17,0.0,0,0,0,1,1,0.0,2
euphonia_34a4e0932dd6344d73db4f66c97673f1.wav,d9e9def2a815784d35b6da98d070dc32079ae135d56b1ed74b6d3b58e0faf294,val,2.229,"(1.0, 3]",make a call,make a call,make a call,make a call,0.0,0,0,0,3,3,0.0,11
euphonia_35f4653ed2f180032f4abc0e1d4ed93d.wav,e13f6df3901b4ff28071db8fbe7bd88883e72fd3c4324f5f0abfe421f6f57b8c,val,2.322,"(1.0, 3]",How do you feel?,how do you feel,how do you feel,how do you feel,0.0,0,0,0,4,4,0.0,15
euphonia_35f779a0036770f97756f899c02521ac.wav,ccc37d7c83c3074e1827fc11d93c02cdd4d59dc52e5e0535042dcd9ea44433af,val,2.694,"(1.0, 3]",Good to see you.,good to see you,go to seo,go to seo,0.75,0,1,2,1,4,0.4,15
euphonia_38394c3eeaace6b65daa90e11d4f8c0f.wav,de00fb556afdf3535e29363dd20df85c74be94585c655c84740726cf31c8b4ec,val,2.043,"(1.0, 3]",shut down,shut down,set now,set now,1.0,0,0,2,0,2,0.4444444444444444,9
euphonia_38adc2232f5c769f792c59c23b4a20e4.wav,ca147c6d7fb0769af13e3336a0fc65dee427ac2b1922cb6214e1a5bd94434a60,val,1.579,"(1.0, 3]",power off,power off,power off,power off,0.0,0,0,0,2,2,0.0,9
euphonia_3945637d24da3ce4f5768b99a696b654.wav,d9e81855219d2a919e090e9d13a1e998481c7962d1fed655e099612f1e10afda,val,3.437,"(3.0, 10]",It's nice to see you again.,its nice to see you again,its nice to see you again,its nice to see you again,0.0,0,0,0,6,6,0.0,25
euphonia_394b4e3e3dcd12b041e0f7d15bed26dc.wav,e489e8b7b62cdc5c301bc95c770e56057eaf47af5309be909e248d36ae0dcf81,val,3.529,"(3.0, 10]",Show notifications.,show notifications,show not because,show not because,1.0,1,0,1,1,2,0.4444444444444444,18
euphonia_3a0c705541b8b56ec721668fdd51ada5.wav,cd0e5916de82329860f7b3bf7a943815697fb123209849773af78d40739328be,val,5.201,"(3.0, 10]",Oh what did you teach.,oh what did you teach,oh what did you teach,oh what did you teach,0.0,0,0,0,5,5,0.0,21
euphonia_3af23e564f1f6a1a8ac8b2b20c2af23e.wav,ce5b9fc812275cf95b5ef233e956f7608728ce125a5571d723e5424b066dab6e,val,8.916,"(3.0, 10]",Like who wants to marry a millionaire. oh my goodness.,like who wants to marry a millionaire oh my goodness,like who went into milling milling the whole my gardens,like who went into milling milling the whole my gardens,0.7,0,0,7,3,10,0.4423076923076923,52
euphonia_3b516b9ebe4952b5f3ea403331e92cd5.wav,d867379d2849ca7fc0a1267d646a2f28f8eabacd5d77d3576221238e4a5b158d,val,15.697,"(10.0, 30]",That's funny so do you plan on going back to Cali when you graduate or wherever life takes you.,that is funny so do you plan on going back to cali when you graduate or wherever life takes you,that is funny so do you plan on going back to karlin when you do it at all wherever i am taking you,that is funny so do you plan on going back to karlin when you do it at all wherever i am taking you,0.4,3,0,5,15,20,0.21052631578947367,95
euphonia_3b8c468455d00c4ec363e2476bf2366d.wav,d79dc9ddf68b6bb1fbd037f265cf82bc82d9175dabc06c9c33f5dae42d0eb0ee,val,10.031,"(10.0, 30]",She happened to pick New York cause she could win in New York.,she happened to pick new york cause she could win in new york,she happened to pick new york cause she called when in new york,she happened to pick new york cause she called when in new york,0.15384615384615385,0,0,2,11,13,0.08196721311475409,61
euphonia_3b925cb2386d5dec73950d6c4ce7eccd.wav,d28905a6b25b82a40b992b57419861e1d00935288983441711f8666a06c0a2ed,val,1.486,"(1.0, 3]",two,two,2,2,1.0,0,0,1,0,1,1.0,3
euphonia_3c1205e203fb091dd3857532929c0c59.wav,db467718c45a90c7449d998070d41dff894aca0df0e5a0b3ed0e6c9b64bf9bd9,val,5.851,"(3.0, 10]",Turn up thermostat to 70°.,turn up thermostat to 70°,turn up thermostat to 70 degrees,turn up thermostat to 70 degrees,0.4,1,0,1,4,5,0.32,25
euphonia_3c725c83d9f5cd765911b9f3a770c360.wav,d820750314d4e887d889794f5a561ee6d3ed7e00d125ff3e2a46a49c066c9204,val,2.136,"(1.0, 3]",Who said so?,who said so,who said so,who said so,0.0,0,0,0,3,3,0.0,11
euphonia_3cc419330b3778ef696fca5d561b40d4.wav,d5d8d591a73ff15804a25f8fd9d089a34361c028133dfcbc2751736daee5fa70,val,2.043,"(1.0, 3]",close grid,close grid,close grid,close grid,0.0,0,0,0,2,2,0.0,10
euphonia_3d4fef5905475d9175cb3f25bb7c0f17.wav,cf1422afa7d29198dea679dbb0b4dc4c418f4b65bd35ed2ad7603f595413af18,val,4.644,"(3.0, 10]",play cardi B,play cardi b,play kazoo,play kazoo,0.6666666666666666,0,1,1,1,3,0.5,12
euphonia_3d880ed033740d69b2a676f42c9de4db.wav,d652078112e49401c2e11dd2277bddf7d0fe5cc9927ab7eb519708c15d2e19a5,val,4.737,"(3.0, 10]",I was unable to show it.,i was unable to show it,i was unable to see it,i was unable to see it,0.16666666666666666,0,0,1,5,6,0.13043478260869565,23
euphonia_3ed5cbb8acd64619ce924e9fc720814d.wav,cf34323ea7228f53a67a2290f0fb1f0d0202b327bb56b0727f5c5f0af580fe8a,val,2.879,"(1.0, 3]",temperature,temperature,team palestro,team palestro,2.0,1,0,1,0,1,0.7272727272727273,11
euphonia_3ed77d33e68f9dd75958473d8096c5d9.wav,e247d7a6692f7b4dcacd3f004d3a389e4427cc379cb511acac3f359d20336821,val,7.895,"(3.0, 10]",Extends to Chicago is a podcast in the area.,extends to chicago is a podcast in the area,extends to margal is a pumpkin in the area,extends to margal is a pumpkin in the area,0.2222222222222222,0,0,2,7,9,0.27906976744186046,43
euphonia_3f960f337a396ced0dba79634d3aa41f.wav,d153ec40f558e59e666048f7d5928de29955721db2d08a1348e4229a8bf0ed55,val,5.387,"(3.0, 10]",Shut down accelerators.,shut down accelerators,set the easily related,set the easily related,1.3333333333333333,1,0,3,0,3,0.7727272727272727,22
euphonia_3fa1a639742943831c42d5dc6c52af54.wav,e38e00604f3f48a37142d9c072dbac68e93f5ec3f4ee7c9a23d4f53d613c2f15,val,4.644,"(3.0, 10]",turn off the living room TV,turn off the living room tv,turn off the living room tv,turn off the living room tv,0.0,0,0,0,6,6,0.0,27
euphonia_40d7af25ea70ff02593f5d970a706184.wav,e75e2aa1a840c52bb1ddedc1f4509c2f863815d21ae889cd73c29d7ce8b90baf,val,3.994,"(3.0, 10]",lower volume,lower volume,lure balloon,lure balloon,1.0,0,0,2,0,2,0.75,12
euphonia_4194931e83b43dc3773f3621b4d64a27.wav,cfbd90c7f8e64b6296cf101d1401335ea703dd1fbacc13825cd0a015ec39a8a6,val,3.622,"(3.0, 10]",About 11 hours.,about 11 hours,about 11 hours,about 11 hours,0.0,0,0,0,3,3,0.0,14
euphonia_41a7be462ed531eb210c26aa80178938.wav,deba3f93d81994710068a1c14252fdbcc140a75149c6c3597b56d1f33484b27b,val,3.437,"(3.0, 10]",Delete to the beginning.,delete to the beginning,delete it to the beginning,delete it to the beginning,0.25,1,0,0,4,4,0.13043478260869565,23
euphonia_465daaceae11019ab24367bdb394c0cb.wav,da526de718f834ddce7f0c71333d4cf6440feda9fe1aeb886172a0c3d2a561f0,val,9.009,"(3.0, 10]",Here is information for flights arriving in Los Angeles.,here is information for flights arriving in los angeles,here is information for flights arriving in rosyoung liz,here is information for flights arriving in rosyoung liz,0.2222222222222222,0,0,2,7,9,0.12727272727272726,55
euphonia_46bdd8d39ead1400d5623d1918f34ecf.wav,dffcd782a79b4ae7c62edb3034bf77b243f3485bde316a4a6977555be4677491,val,2.415,"(1.0, 3]",Can we talk?,can we talk,can you talk,can you talk,0.3333333333333333,0,0,1,2,3,0.2727272727272727,11
euphonia_4768a00d6bde7d300ab3cc29601b9505.wav,d6ba99bcc872b9ecd2945bce50cc97132315038303f4af5b8351f92e3bea4eae,val,3.251,"(3.0, 10]",You on your own.,you on your own,you are your own,you are your own,0.25,0,0,1,3,4,0.2,15
euphonia_48343b5574d674f11941bc0d06edc03f.wav,cc5f31e3c48e99c67f1bedf1e11703d792fd3b8ea0fad9102238394688c7ba64,val,5.851,"(3.0, 10]",Just double tap the right earbud.,just double tap the right earbud,just double tapped right on by,just double tapped right on by,0.6666666666666666,0,0,4,2,6,0.28125,32
euphonia_49ae44f98110b2c7ee263a04dc298dd8.wav,d170663764efa9002f06cac9e53172405be4afa57fb592b517a8aa966d7b0ea4,val,4.087,"(3.0, 10]",Well that's wonderful.,well that is wonderful,well that is wonderful,well that is wonderful,0.0,0,0,0,4,4,0.0,22
euphonia_49b893e07e64b1d669006d2f23d3e048.wav,dff3d0afa0b86bf6319b14da737a0713e258e79740aa241a2c1a2a46f57b1ac4,val,4.087,"(3.0, 10]",That's the last resort.,that is the last resort,that is the last result,that is the last result,0.2,0,0,1,4,5,0.08695652173913043,23
euphonia_4b27bf51b8af26eef7d1e4915536a09b.wav,d5e1cdecc287c859b721b65dc4323c89584d1903347feca9c54bed3295f5bc18,val,4.458,"(3.0, 10]",Sorry if I seem that way.,sorry if i seem that way,sorry if i seem to that way,sorry if i seem to that way,0.16666666666666666,1,0,0,6,6,0.125,24
euphonia_4b5d6432de35a1f3048c4fe84cea2c9d.wav,db2406f4cc228a0548f0c92ff17779887e31b208ad764e988fb85a4822913ecd,val,2.322,"(1.0, 3]",play some,play some,please jon,please jon,1.0,0,0,2,0,2,0.6666666666666666,9
euphonia_4cc766cd30cfc671e6ad32d7258a9eb0.wav,ccf85b340127e908b2dc948ec7a0e59dc31f005d65873a6c1aebd9249cc921e1,val,1.393,"(1.0, 3]",resume,resume,resume,resume,0.0,0,0,0,1,1,0.0,6
euphonia_4d83af85ca6336d2d0719074bd6edd99.wav,d9038b59d2ae1c3acdc236ffb1778d2813825e41ac7eaf89b5c8b1fa0f48f506,val,3.808,"(3.0, 10]",Why don't you give it to me?,why do not you give it to me,why did you give it to me,why did you give it to me,0.25,0,1,1,6,8,0.17857142857142858,28
euphonia_4f2728df5583c3a54870baa411d6921e.wav,dd78aa005264af9bd885a1190ab8bd4c755e36dcbd7fbd59fe7aa42fe71f40a8,val,5.666,"(3.0, 10]",Remember Jamie as Mom?,remember jamie as mom,remembrane is mom,remembrane is mom,0.75,0,1,2,1,4,0.2857142857142857,21
euphonia_4f53486ec40fa83acfc21b75d830f3d0.wav,d8efdada90e4bd6a8a465451d15c53917e130b447c089bbedd6a37ed4ac36b05,val,3.344,"(3.0, 10]",Grab one of those.,grab one of those,glamor was off the ocean,glamor was off the ocean,1.25,1,0,4,0,4,0.7647058823529411,17
euphonia_504f63a22478c8c3010d2f7560da1a5f.wav,db9c04dde2683e547b8bae1d4af4a3702038454a81404925bb36d71243a0226e,val,2.879,"(1.0, 3]",That's great.,that is great,that is great,that is great,0.0,0,0,0,3,3,0.0,13
euphonia_50b794e19a5e9b51e51f6f9293deabb4.wav,d91ed6fb138cb7983f01a14121cc4b9bf5e09f644ceb5ac7629cdd9a9aa880ad,val,9.938,"(3.0, 10]",Is it related to linguistics in any way?,is it related to linguistics in any way,is it related to linguistics in any way,is it related to linguistics in any way,0.0,0,0,0,8,8,0.0,39
euphonia_50e959ae358cebd907d099486e8db0eb.wav,de0481afe4ab7ac88639c1d81b5ac6a5101b845e5b4ff1735e9683235eadbc45,val,3.158,"(3.0, 10]",Send a text,send a text,send a text,send a text,0.0,0,0,0,3,3,0.0,11
euphonia_5221fcd7aed78e77509add1c7303d63c.wav,cd40e9fa90b2aff999c4b10166b1a5ee79703fd1410f4a5f7425c616b7aeda01,val,3.901,"(3.0, 10]",Can you please repeat that?,can you please repeat that,can you play repeat that,can you play repeat that,0.2,0,0,1,4,5,0.11538461538461539,26
euphonia_53113ac4cc07b5666c257683a3c95105.wav,d0ffa22cba91c6dd25d4a7f99134fcc25ed7b73bf17c4345aff043cf5471c923,val,11.238,"(10.0, 30]",Do you go home for vacations or have you not been home this whole time.,do you go home for vacations or have you not been home this whole time,do you go home for vacation or have you not been home this whole time,do you go home for vacation or have you not been home this whole time,0.06666666666666667,0,0,1,14,15,0.014285714285714285,70
euphonia_53539c70b38e59c8bd2aa50ad6ca850e.wav,d05994100792020764b7d43d15437e6240e090c6fe66404fea5c1eedd62dd6da,val,3.994,"(3.0, 10]",Set timer for one minute.,set timer for one minute,set timer for one minute,set timer for one minute,0.0,0,0,0,5,5,0.0,24
euphonia_540fbf1124e620ef3d1f57daed540d7e.wav,decfa3f015cd3f2433aaf871aba6c35209889be42427416d5ca1bb63f366256e,val,2.415,"(1.0, 3]",call Mike,call mike,call mark,call mark,0.5,0,0,1,1,2,0.3333333333333333,9
euphonia_55128891ea0cf91a9f0d58d9bee7dec1.wav,db5cdf7f047ad417deaf55386d812949e2fbeead061b1bdff963ae47bc534a71,val,2.972,"(1.0, 3]",hide keyboard,hide keyboard,hust came forward,hust came forward,1.5,1,0,2,0,2,0.7692307692307693,13
euphonia_553e61df1672a6d15ccbcfc4eb983666.wav,de42e6a1159ac2c153ce306a9502f29976ca9441213c70fce3601585b0aab361,val,3.529,"(3.0, 10]",The last time.,the last time,the last time,the last time,0.0,0,0,0,3,3,0.0,13
euphonia_55401151c14ee66972a2025788b24a8c.wav,d792d7e97d740b2ec0636e70b24e9494a284ab19a147fe008b695127634d6423,val,2.601,"(1.0, 3]",A little more often.,a little more often,all two more of them,all two more of them,1.0,1,0,3,1,4,0.42105263157894735,19
euphonia_5595f967d8f0bb3df737b9e265747a81.wav,dca018f744b4b46e1cde4dea1a1265fe1efb86e35f6936db772928f2eece887b,val,3.251,"(3.0, 10]",Wait until tomorrow.,wait until tomorrow,let out a tomorrow,let out a tomorrow,1.0,1,0,2,1,3,0.3684210526315789,19
euphonia_559a1d63304786eb977c7df030443ad4.wav,e28b696882c331f058f1b14407ee80ddaf521499eeb7fdc7d8bf558c0aad940d,val,2.415,"(1.0, 3]",Where were you?,where were you,where were you,where were you,0.0,0,0,0,3,3,0.0,14
euphonia_560c938cca00d000e80e42061e0c682e.wav,e21c123fe5cfc17788642f22e51ba60448b0da5d01e782e57dc649b4dad485b6,val,2.601,"(1.0, 3]",Side by side.,side by side,side by side,side by side,0.0,0,0,0,3,3,0.0,12
euphonia_56aefabd8f804760c95366c77992aac8.wav,d1bf8a1cdfb4de71c19cd8efad765a57913cc4e5311f42e00082fb72a80a96f5,val,2.972,"(1.0, 3]",I don't like to.,i do not like to,i did not like to,i did not like to,0.2,0,0,1,4,5,0.125,16
euphonia_579a6b0acbc8492e4bdcbf2036765c5d.wav,ce2ba88d8b49b9d64f624b1b485181d93fd60e5e3f2a1263f5cda663d9e0ee10,val,3.437,"(3.0, 10]",What sounds best?,what sounds best,hats sounds best,hats sounds best,0.3333333333333333,0,0,1,2,3,0.125,16
euphonia_57f13c1f5666a38ebfee12aa0e1116c9.wav,d086a15855482a828c5095f7528a7aedc39ab8642560412761e161846648f98b,val,1.3,"(1.0, 3]",What?,what,what,what,0.0,0,0,0,1,1,0.0,4
euphonia_582262cd1e36fed4785948f907a73d1c.wav,dc4d0ab6cd093aebc8d88c5e52e9105121137cf4fbfeee3254deaae0ab057630,val,5.387,"(3.0, 10]",The game show that goes the distance.,the game show that goes the distance,the game show that goes the distance,the game show that goes the distance,0.0,0,0,0,7,7,0.0,36
euphonia_582fa3e1539549e61da59b4b8c6aa11a.wav,cd53136843ce80a3e005bafea72725549e9ec6977726f53639c8e14594cb8f10,val,4.365,"(3.0, 10]",When you get back.,when you get back,will you get back,will you get back,0.25,0,0,1,3,4,0.17647058823529413,17
euphonia_58fa177cbb4a8e2802d37a9b49c1f0a5.wav,d6cf3f5741aa122895d492fc5f87c97f71c6a840770dd773d0a48473026335b6,val,8.359,"(3.0, 10]",15 16 17 18 19,15 16 17 18 19,15 16 17 18 19,15 16 17 18 19,0.0,0,0,0,5,5,0.0,14
euphonia_594e5a0882de20d766084819528f2ffc.wav,d417a2adab94dc2ca0b6ad488dec8c6f5a28cb5c8f2e31251bbe795f4ffb9376,val,5.016,"(3.0, 10]",What is there to see in Paris?,what is there to see in paris,what is there to say in bales,what is there to say in bales,0.2857142857142857,0,0,2,5,7,0.1724137931034483,29
euphonia_59818c17f519815eb2e5659d5fa8a256.wav,dad8c7407083328d8ff7ab67439491e74097ca10d0401c5103483013b24c0e58,val,2.786,"(1.0, 3]",less squares,less squares,this is crazy,this is crazy,1.5,1,0,2,0,2,0.8333333333333334,12
euphonia_5994a24d39d0455444df17313e60025d.wav,cf21ab699b488de825f0bd4beef7f6cf247d40677a891e9d0dc33f229538ee0d,val,1.95,"(1.0, 3]",Undo.,undo,i do,i do,2.0,1,0,1,0,1,0.5,4
euphonia_59ce4adbdb6366ab24559e3ccbfc430b.wav,d9971f1a68a9b7325e50e06f8bb36fc386c3e61b89108e0811a1d40d21744961,val,3.437,"(3.0, 10]",Stay by the window.,stay by the window,stay by the window,stay by the window,0.0,0,0,0,4,4,0.0,18
euphonia_5bba5accb406f2fb35ed9da04beca7e1.wav,d413da26e843aa5ce8bcc60e0190dd23948636f09753f1de5cab031022ade556,val,4.18,"(3.0, 10]",I'm really worried about it.,i am really worried about it,i am really worried about it,i am really worried about it,0.0,0,0,0,6,6,0.0,28
euphonia_5d29b4e629fe3d3722543a36890fdd41.wav,de9f8201be7fb222cf30bce92b3c1d2d8dc0aeb47803ef387ea6d1c0f1dbd974,val,2.879,"(1.0, 3]",I am ready to go back.,i am ready to go back,but i am ready to go back,but i am ready to go back,0.16666666666666666,1,0,0,6,6,0.19047619047619047,21
euphonia_5dd4ed70ae7222333a22eb236e5a90f5.wav,dc85ea213bf423d4323686a7dc2f7850117bb27b23bf723e6377482885cc0a30,val,1.672,"(1.0, 3]",six,six,six,six,0.0,0,0,0,1,1,0.0,3
euphonia_5df9154d67ff808cadb4679382b275ca.wav,e5d85b4047e305afec0f1ffa4722957eceeef5f1d57a7c6611c94d01b7c9f1d2,val,3.994,"(3.0, 10]",turn off living room lights,turn off living room lights,turn off living room lights,turn off living room lights,0.0,0,0,0,5,5,0.0,27
euphonia_5fc5fb6f6ca667a652fd137b276ff57c.wav,e068e14033ef37079f8089a1f7df1810d4abd63bbe0f4ef1b817e8c8053c55c0,val,6.037,"(3.0, 10]",You could cook an elaborate meal.,you could cook an elaborate meal,you could cook an elaborate meal,you could cook an elaborate meal,0.0,0,0,0,6,6,0.0,32
euphonia_61636c59e26b5af557a03d26da4d73d7.wav,d3d4905a72266d6c51d41cb511415c5e500e71c67cf27476ccbfa90d09756736,val,5.201,"(3.0, 10]",It was good of you to come today.,it was good of you to come today,it was good of you to come today,it was good of you to come today,0.0,0,0,0,8,8,0.0,32
euphonia_6192325171ac1d0118680520bacf2d6e.wav,de5d57ea1488304ec5d9d33e5afc043c778acb349f7fb6aed19b907d2d4a2709,val,3.437,"(3.0, 10]",Is that what power is?,is that what power is,is that what power is,is that what power is,0.0,0,0,0,5,5,0.0,21
euphonia_61a8a8032c7bb89b3850aee82efbdf79.wav,e54177baabc97124415446de58d1c0ec877473b9b6629cb9ebe1b4b8f2e4bac0,val,4.272,"(3.0, 10]",And seeing some snow.,and seeing some snow,add some songs now,add some songs now,1.0,0,0,4,0,4,0.5,20
euphonia_624045e9e777b9f7ab19f8f4bf438ffc.wav,d65a7705fb98c4ec0624c9c32fbcbaeca4b7778b08656465f6116d9825bf2df8,val,2.694,"(1.0, 3]",This weekend.,this weekend,the next,the next,1.0,0,0,2,0,2,0.6666666666666666,12
euphonia_6276eac376cda9419dfb11c0ebacee09.wav,caa22cafb49652cfc43624ea974846061948c0afa45393cf6ef23ce4754b69b6,val,3.994,"(3.0, 10]",Where will you find such a girl?,where will you find such a girl,where were you from today,where were you from today,0.7142857142857143,0,2,3,2,7,0.5161290322580645,31
euphonia_62a7b05a73b39aa6fee11952600827cd.wav,dfa737cf7277f36654dbf60ab704e40b436b7699cb5557b71248af64f8aa5bf8,val,3.437,"(3.0, 10]",Where do you work?,where do you work,where do you work,where do you work,0.0,0,0,0,4,4,0.0,17
euphonia_62bffb9da6e0b213f63f12b7fd14c51a.wav,ca29f04efdb19b483ae96a0ad514f40eff6f9e8470d18fefe24ca522b82a82f6,val,2.136,"(1.0, 3]",Too much for me.,too much for me,too much for me,too much for me,0.0,0,0,0,4,4,0.0,15
euphonia_638910ec4030076969cd6a8c87ec2990.wav,d2c2b45a358ba3238aac58f05de9ed979d5f2916c7e910329ae7b6aa2e4d9253,val,3.715,"(3.0, 10]",Want to take a quiz?,want to take a quiz,want to take a quiz,want to take a quiz,0.0,0,0,0,5,5,0.0,19
euphonia_6428e715129f90de5b9b9d630fb6ff1a.wav,d31398aaddb35b99c50711925af38c000b5b61273717a56d74900ceb20b7a5d3,val,2.229,"(1.0, 3]",Right.,right,what,what,1.0,0,0,1,0,1,0.8,5
euphonia_6485bd1c63a6e5ea60a87217ec5b9c06.wav,e266260df1e9f4eef0f6b15f2c3f89efb4b0dbdc58378c48e87f136bad3c0695,val,3.901,"(3.0, 10]",Umbrella is first.,umbrella is first,i am barely lost first,i am barely lost first,1.3333333333333333,2,0,2,1,3,0.5882352941176471,17
euphonia_665a9e3b468d356a2aacd9e600e7cb81.wav,d57dda571bbd3ef3def89ecdcec35f645ff0e85f7ebace5805cb24709dbbae7e,val,8.731,"(3.0, 10]",I wonder do you know what their like hypothesis is?,i wonder do you know what their like hypothesis is,i wonder do you know what they are like hypothesis is,i wonder do you know what they are like hypothesis is,0.2,1,0,1,9,10,0.08,50
euphonia_66624cbbb4187d2962a9764cdf083c54.wav,dafb5fec997b1d818ab5eb217a30f6351dee5d87552fcfad15344dc90f209f58,val,2.322,"(1.0, 3]",Type.,type,type,type,0.0,0,0,0,1,1,0.0,4
euphonia_66cb0729642d69f9f92c291529dc522a.wav,d06f086b30427fa578634ec98b0f00b7507f3257c3453ca72b075d1016110a0f,val,5.666,"(3.0, 10]",Yeah I said no to that one.,yeah i said no to that one,yeah i said no to that one,yeah i said no to that one,0.0,0,0,0,7,7,0.0,26
euphonia_68dc2e06bea0c2a7ff6e31eb6b1526f3.wav,d5f6f85a6abf7983d912b658bee56fa67a1727f7b979c428f3b01a7061c5deab,val,2.694,"(1.0, 3]",Mostly I remember.,mostly i remember,do not you remember,do not you remember,1.0,1,0,2,1,3,0.4117647058823529,17
euphonia_6bd2b96230ab7df7df9eec9d3487245e.wav,e2b6c338fb6f4d0ccbd46d12ed425a2a1610690db2c094d72be252e3007229fb,val,2.879,"(1.0, 3]",Okay delete.,okay delete,okay delete,okay delete,0.0,0,0,0,2,2,0.0,11
euphonia_6be18ec8b17f2f90fdd5779a25f50b65.wav,dee38c88a0f82881971a96f1250407d8e1b5e604b93d250354981e268d4c61b2,val,2.879,"(1.0, 3]",play next song,play next song,play next song,play next song,0.0,0,0,0,3,3,0.0,14
euphonia_6c79d5f9aed667d7d8d0fca0f4e886c1.wav,cd35e000b746a6ef58f987500dfc89af2871e99c75c7619ce9acff6a1acb02b7,val,3.344,"(3.0, 10]",Want to try a quiz?,want to try a quiz,why not try a quiz,why not try a quiz,0.4,0,0,2,3,5,0.2777777777777778,18
euphonia_6cd5a4906e8b04a10e46093b78d1f437.wav,d1a3a94ac89f9a20ac8d41619f0eb848ee397da4d42313b760abc1cb432002c2,val,4.458,"(3.0, 10]",Do you want to talk about it.,do you want to talk about it,do you want to talk about it,do you want to talk about it,0.0,0,0,0,7,7,0.0,28
euphonia_70e39877f9a87435d4f8a2ff4b1ed4b8.wav,ca8a524d092a351c5353735c29a0c924d25c5c9d8d25743570cf767256a3bee1,val,3.715,"(3.0, 10]",it's time for bed,its time for bed,turn time for bed,turn time for bed,0.25,0,0,1,3,4,0.25,16
euphonia_71cb0b0ad4e4ae747c4302e8ecbed651.wav,ccd3602790c927ed5c7e137a9992fafd3dcc18ef1f04f5565c27ec4438ac9b65,val,2.601,"(1.0, 3]",Swipe right.,swipe right,swap right,swap right,0.5,0,0,1,1,2,0.18181818181818182,11
euphonia_7204b803da7103d893dd5142f09a875e.wav,d05bb998bc287a8f68c5896c7916dd4cad6fafb5d65853b80dcaf7ed529d4dd4,val,3.437,"(3.0, 10]",Here is Party City.,here is party city,here is party street,here is party street,0.25,0,0,1,3,4,0.3333333333333333,18
euphonia_724f253459ea9c8615efe80cda35bd11.wav,d179d0be27d92e5f72750e344e34023387ce8742a292a17df9f41ad7b721fe42,val,6.594,"(3.0, 10]",The cafeteria was also improved.,the cafeteria was also improved,the cafeteria was also improved,the cafeteria was also improved,0.0,0,0,0,5,5,0.0,31
euphonia_7368b148737c6dade05fd843d5937903.wav,d8bf42ed6bc2b46c37d812f277da13c6916c855025fe19e2a1d87b787707eaca,val,2.972,"(1.0, 3]",That's wonderful.,that is wonderful,that is wonderful,that is wonderful,0.0,0,0,0,3,3,0.0,17
euphonia_75f40709223859698fa31af57d32b450.wav,e9f17afd75bc6e2dbff081d83fd52b2e9a681de29a46ca6e0b52efb0e8c26037,val,17.833,"(10.0, 30]",People who exercise every single day can damage themselves so I'm starting work out every other day.,people who exercise every single day can damage themselves so i am starting work out every other day,people exercise every single day can damage themselves so i am starting work out every other day,people exercise every single day can damage themselves so i am starting work out every other day,0.05555555555555555,0,1,0,17,18,0.04,100
euphonia_77743d68762039e454ccf3a54e94cad8.wav,cd17966a32a655b4ba8562b195b589815551a9786a716bbaf08926140c2904e4,val,3.251,"(3.0, 10]",play White Noise,play white noise,play what knows,play what knows,0.6666666666666666,0,0,2,1,3,0.3125,16
euphonia_785c97b270f5a8aa723b0c5afa44da4f.wav,ce47632930412dc3bc81c91219cdc3c16bdcf5b3bb693ecd6544089d9c85aac0,val,6.223,"(3.0, 10]",Try again or quit and come back later.,try again or quit and come back later,try again or could not come back later,try again or could not come back later,0.25,0,0,2,6,8,0.1891891891891892,37
euphonia_793a28682e4a949667e355d2ead6ceb5.wav,ddf1ef976119868721f4ea5a3b952c050fcb1ff4b66a9d6f6a4121fe59b4d164,val,3.344,"(3.0, 10]",What is the weather today?,what is the weather today,what is the weather today,what is the weather today,0.0,0,0,0,5,5,0.0,25
euphonia_7a64d5b9652b7560e55506794d27d5ae.wav,e06c9e51834623ffc4a52cc3d664313bde649de20e51c4ea368523342b4be698,val,3.065,"(3.0, 10]",Clear all devices.,clear all devices,clear your device,clear your device,0.6666666666666666,0,0,2,1,3,0.29411764705882354,17
euphonia_7a83b57251f8677f2451bfa81c8a8449.wav,d390127001720e1d0f949966e39189e96cf9ed9b2fc230f0569b67e25c725529,val,2.694,"(1.0, 3]",volume Five,volume five,volume five,volume five,0.0,0,0,0,2,2,0.0,11
euphonia_7aedfb8902fc486f07ce3fc2d6a4fa56.wav,d39a33c4c156ddd848cfba15a02ca0927939a11f2d053af63a3b55ac90b3baff,val,2.972,"(1.0, 3]",I am going home.,i am going home,i am going home,i am going home,0.0,0,0,0,4,4,0.0,15
euphonia_7b5fa7267c41efee29bd6b09c5140437.wav,d3e4321c44cb2cbe410567b7a6e90e07b397c075adb7df833822e9fb7273978f,val,4.644,"(3.0, 10]",Just wait and find out.,just wait and find out,just wait and find out,just wait and find out,0.0,0,0,0,5,5,0.0,22
euphonia_7b94ffbb3d6087b7f428c297d4dc217a.wav,cdaf365e69eb68e4490f05c2a16644d0e2272e9cbc562799ad18cfc4e8bb2dcc,val,3.251,"(3.0, 10]",Add a reminder,add a reminder,idn not remember,idn not remember,1.0,0,0,3,0,3,0.5714285714285714,14
euphonia_7c822e5d4788974a8aa0e2f13df9ada4.wav,e24202cc4c810ecd694132f3611c94d2db9f38cb74aa61a4b058ec6ee88412f2,val,6.409,"(3.0, 10]",The checks were for odd amounts.,the checks were for odd amounts,the checks were for odd amounts,the checks were for odd amounts,0.0,0,0,0,6,6,0.0,31
euphonia_7da1cdf852f333cf1c9a53e76dcaa270.wav,d2d9bd74b276650cd1a1b129538e64caf54c3ba7381a0561c0678bd035afb195,val,3.901,"(3.0, 10]",play Ariana Grande,play ariana grande,play all on the grid,play all on the grid,1.3333333333333333,2,0,2,1,3,0.6111111111111112,18
euphonia_7dbf787443913820f1c8957c9f6c5df6.wav,d46ba7bdc1177b67c37c93d0d7032f95aa89d4c70623d4a9ee6969a3bb9d385d,val,2.786,"(1.0, 3]",Where we going?,where we going,where were going,where were going,0.3333333333333333,0,0,1,2,3,0.14285714285714285,14
euphonia_7e650c34893968f2575e5c3d409cfede.wav,d3726d69273efb0bd205c808254178852ef863d2c676912b6aee7c96e74e4197,val,7.059,"(3.0, 10]",How have you left the ancient love?,how have you left the ancient love,how have you lived these past 20 lives,how have you lived these past 20 lives,0.7142857142857143,1,0,4,3,7,0.4411764705882353,34
euphonia_7fcd4511ad6a04325ba20be85b59ab15.wav,e09728c2945533a80e9d855d2290816f4c51f3e597d33b0a54990bc42da935e1,val,3.437,"(3.0, 10]",turn off bedroom light,turn off bedroom light,turn off bedroom lights,turn off bedroom lights,0.25,0,0,1,3,4,0.045454545454545456,22
euphonia_8057d7631e12c7c2e1f511ac7563e841.wav,d1abab10f1569d831ad3c327077f6ce6926d4f4f996ac42b95cba31c4d1fd464,val,4.087,"(3.0, 10]",I'd like a morning snack.,id like a morning snack,i would like a more unique,i would like a more unique,0.8,1,0,3,2,5,0.6086956521739131,23
euphonia_806c50e857f5f44b400e0a3733014d1e.wav,e41f4f9e8107ef462a882dede630307bec78440f6097d06c7e38a654db80dc09,val,3.344,"(3.0, 10]",lower television,lower television,roll a television,roll a television,1.0,1,0,1,1,2,0.3125,16
euphonia_8086a777c01ce03aae9ef321f9917c32.wav,e52dea674cf6844e627f4a3148f0acc5fc0d851c9098d8d19cf8607722bc74bc,val,4.923,"(3.0, 10]",I feel the same way about it.,i feel the same way about it,i feel the same way about it,i feel the same way about it,0.0,0,0,0,7,7,0.0,28
euphonia_81e462441c5df7b8f04ddbf7bc783df4.wav,d45a5cbddc835dc604c5f9a4f50879ca11df78285b2e7bb9ae36cb70a6f2bbc9,val,3.622,"(3.0, 10]",I know its the wiring.,i know its the wiring,i know it is the wise,i know it is the wise,0.6,1,0,2,3,5,0.2857142857142857,21
euphonia_81f01a6f5daf586907808006a217d791.wav,ddbf6f61a9ceb679e3987a5dfd363a8f650b9d85bc39e0ad2b045370b2be9d38,val,11.238,"(10.0, 30]",Bottom of the rung as far as the ways we can interact with each other.,bottom of the rung as far as the ways we can interact with each other,but if the rule is fine the way we can interact with each other,but if the rule is fine the way we can interact with each other,0.4666666666666667,0,1,6,8,15,0.2028985507246377,69
euphonia_82d4674a40d098b024b6a36f5a2dda1f.wav,cc7cf1d1bcc4eed323f74d658528832b68b06542466d8db430c461860bebae61,val,6.78,"(3.0, 10]",Remember Darth Vader as your father?,remember darth vader as your father,remember dawd vader as you are finding,remember dawd vader as you are finding,0.6666666666666666,1,0,3,3,6,0.34285714285714286,35
euphonia_837c12e13858a88f11f81e11fc6f2a33.wav,e0e3263be6c54850a39e8193892007486c375c1e563fe295c1dd8f2b2165cddd,val,4.087,"(3.0, 10]",turn down kitchen lights,turn down kitchen lights,turn down catch lights,turn down catch lights,0.25,0,0,1,3,4,0.16666666666666666,24
euphonia_83c3fcc78cc997bc8b1ce6d9bd8e9dba.wav,de9090d42821cceb271db48ee43cca8986dbc090099b859c055b74b8be4d8635,val,3.901,"(3.0, 10]",Why did you get so many?,why did you get so many,why did you get so many,why did you get so many,0.0,0,0,0,6,6,0.0,23
euphonia_8420cc73ddbc85cd5e49e7af6935c92e.wav,e66c67e4aafad47514c2e0403180560f8cc8c535949a299ad9835beac40b0c13,val,5.944,"(3.0, 10]",Here is Dallas Museum of Art.,here is dallas museum of art,he is done his museum of light,he is done his museum of light,0.6666666666666666,1,0,3,3,6,0.42857142857142855,28
euphonia_867cae904957ab988646b80a46803d29.wav,ccdae1c063b0326a23afeba54ef6b4fa968be942571492fcfea15443a7f82076,val,3.065,"(3.0, 10]",How did it go?,how did it go,how did it go,how did it go,0.0,0,0,0,4,4,0.0,13
euphonia_8846f65151aeeb4aed3468c8de7957eb.wav,dd41ec67f1a2027d25ec159a3a32c199d01e2377f2563d4e3ea5d89ef7904b0a,val,2.322,"(1.0, 3]",How are you this morning?,how are you this morning,how are you doing,how are you doing,0.4,0,1,1,3,5,0.3333333333333333,24
euphonia_88bb4869a946d31900c32a166d4c00d2.wav,d27a33cccb787b075c5776dcbf355846b514c49fcdd4cc918b66e583ff07d843,val,2.508,"(1.0, 3]",Let it go.,let it go,let it go,let it go,0.0,0,0,0,3,3,0.0,9
euphonia_88e6e292c2b2bf63e384ac558fe9cb83.wav,e755e7bc2e3d1f830bfc32e40d55f0d91eb8e02d02a583074a053b38cfb01c12,val,3.808,"(3.0, 10]",turn on the bedroom lights,turn on the bedroom lights,turn on the bedroom lights,turn on the bedroom lights,0.0,0,0,0,5,5,0.0,26
euphonia_8a7c98d7b969bbf2b7fe4e9be7652c72.wav,d6b8107f9f16d63a08b15f7a545a777e6bd1cb7e9ea5e7a28237d52136b1d5e6,val,5.851,"(3.0, 10]",Do you know where would we go from here?,do you know where would we go from here,do you know where would we go from here,do you know where would we go from here,0.0,0,0,0,9,9,0.0,39
euphonia_8b104f16defd537080109de6414682e0.wav,e6227a4da83ea718cc05b9067fa251e9f73c55d7d37e2af1b83e8ccd479c3934,val,5.573,"(3.0, 10]",five six seven eight nine,five six seven eight nine,5 6 7 8 9,5 6 7 8 9,1.0,0,0,5,0,5,0.84,25
euphonia_8c62fa4848f286d9a340ab0429d7c013.wav,e72718cfeb5532f57d449ba086c2f1224753d6c1e4e58963b224821d70a3bda8,val,7.523,"(3.0, 10]",Wisconsin was founded in 1848.,wisconsin was founded in 1848,mcconnell was founded in 1848,mcconnell was founded in 1848,0.2,0,0,1,4,5,0.2413793103448276,29
euphonia_8c70c21f4878d85fb5a035ecd01b7de6.wav,dce3d21714936dd60bef4ef72fe2b24d56fab90a8db0aae434be9bf92f09cf8a,val,4.923,"(3.0, 10]",Do you learn by seeing or doing?,do you learn by seeing or doing,do you learn by saying warden,do you learn by saying warden,0.42857142857142855,0,1,2,4,7,0.25806451612903225,31
euphonia_8d436154cc4e9d07759cca2ae52e57b4.wav,dc83d7754497875b5f2d011670db22e432e3eebece93af66c1de5e62fd27d0f5,val,10.403,"(10.0, 30]",We made the alcoholic drink by mixing stout with ale.,we made the alcoholic drink by mixing stout with ale,we made the work ethic sync by mike zu's day out with billie,we made the work ethic sync by mike zus day out with billie,0.8,3,0,5,5,10,0.5,52
euphonia_8eddea72f0a7a0e11106d4f337ff8627.wav,d30cbaf974077ae5e2aba8abaadc993c967b50a616ce128309335a69a9ff06c3,val,8.824,"(3.0, 10]",Merge onto West State Highway Loop 306.,merge onto west state highway loop 306,mush onto waste state highway lupinella home six,mush onto waste state highway lupinella home six,0.7142857142857143,1,0,4,3,7,0.5526315789473685,38
euphonia_92faa824e2f58a409502d9cb7ab7d399.wav,cc5df05b86688ce67cd6d72944265a0cb87392e2f0890b11984d4111f5099929,val,3.529,"(3.0, 10]",Turn down alarm volume.,turn down alarm volume,turn down alarm volume,turn down alarm volume,0.0,0,0,0,4,4,0.0,22
euphonia_94b36b7eced694d4b97470faa91a48de.wav,c9bff20f168b53a4bd28cddb9366db871142061f14b6f1c6e532bb3cbbfbfb92,val,2.229,"(1.0, 3]",set reminder,set reminder,set reminder,set reminder,0.0,0,0,0,2,2,0.0,12
euphonia_958f898695a06eda37c9ef4ed2fcaaa7.wav,cb1914ecb691204a1d974cd85affee786469782ad8cbc06b949f3dc126c2fffe,val,4.458,"(3.0, 10]",Excuse me for interrupting.,excuse me for interrupting,exuse mobile interaction,exuse mobile interaction,1.0,0,1,3,0,4,0.4230769230769231,26
euphonia_96efa1e349423507fb2ab259f9d33715.wav,e28677c04bde307280e953cfa72702c08f15363f0d98ee8c673b506a1dbe51b5,val,4.365,"(3.0, 10]",My real name is Hu Wei.,my real name is hu wei,marley name is fuhu,marley name is fuhu,0.6666666666666666,0,2,2,2,6,0.45454545454545453,22
euphonia_96f4d1a85144a6343c30f7f66199973a.wav,dda529d0f9e8d77ce7af84930c6de9c4aac20ee9be8579a4f7230d5dd283affd,val,6.966,"(3.0, 10]",I'd like to watch the evening news,id like to watch the evening news,i would like to watch the even news,i would like to watch the even news,0.42857142857142855,1,0,2,5,7,0.24242424242424243,33
euphonia_97cd5141a5bd53834770789c5cb4ab48.wav,e1a74e958a9a7296a70b692313ebd9c474d87f2eb9d0425811201069a996b041,val,3.344,"(3.0, 10]",What did you come with?,what did you come with,what did you come with,what did you come with,0.0,0,0,0,5,5,0.0,22
euphonia_97f4c174289c521bcf04968269740b01.wav,d920c7778a027bb4269ab915ee6bbccecff4921bc99aa41c2b841738f66b78c2,val,6.037,"(3.0, 10]",Here are writers for Countdown.,here are writers for countdown,here are writers for countdown,here are writers for countdown,0.0,0,0,0,5,5,0.0,30
euphonia_985afd6f2b0f012165917e046e4b7d87.wav,d3e9a6f76ec3474a0a23a0e5d053515181646b4aed64b22dc59317b3e7d0f9a4,val,5.48,"(3.0, 10]",We got to the bridge early in the day.,we got to the bridge early in the day,regards to the pleasure of a dinner,regards to the pleasure of a dinner,0.7777777777777778,0,2,5,2,9,0.7027027027027027,37
euphonia_98dde825589d84061ce898d3b8a67271.wav,d53093ebb702613353bf40f217505667ef97b41ee4deb14c45cc36deacb17052,val,9.195,"(3.0, 10]",PlayStation 3 was introduced in 2006.,playstation 3 was introduced in 2006,playstation 3 was introduced in 2006,playstation 3 was introduced in 2006,0.0,0,0,0,6,6,0.0,36
euphonia_991ae8b15c1a9608010b21a8070322d7.wav,dafbd36a930d716cb67471a695599fb9e623c9ba96b62cec0c0c0f30ccc8ca6e,val,2.601,"(1.0, 3]",Is that true?,is that true,is that true,is that true,0.0,0,0,0,3,3,0.0,12
euphonia_99bbfb553f7bfcf44fe81b69ab8d0ee0.wav,dee1a15307bf5ef36975683cd33382496ed662781ff88cd8125aac177c322665,val,4.83,"(3.0, 10]",Things are not what they seem.,things are not what they seem,thenes are not forte nays,thenes are not forte nays,0.6666666666666666,0,1,3,2,6,0.4482758620689655,29
euphonia_99f59d2c3798c5ba151d478d7a73c66e.wav,dc9ae6ae257ee4c611e07c813e75e6d6b7bf5fa48bd9865afaa637e21e43e767,val,2.879,"(1.0, 3]",call Grandma,call grandma,can you read mine,can you read mine,2.0,2,0,2,0,2,1.0,12
euphonia_9c4d183637ab6ef2281fb840e1896970.wav,cfcf5bca591aee12a9d31fc3a6721267d05d64b453c6896b9fb27416fd3fe996,val,7.059,"(3.0, 10]",Go down the moving walkway in the access path.,go down the moving walkway in the access path,go down the music walkway in the access path,go down the music walkway in the access path,0.1111111111111111,0,0,1,8,9,0.08888888888888889,45
euphonia_9cf600b62b41ece495d58826befc7edd.wav,da3537bc7b1b2a18ce21d8206196b7079216333fc5715aacf8755ff5f35bb942,val,6.78,"(3.0, 10]",The game that sounds as fun as it is.,the game that sounds as fun as it is,thinks that sounds as funny as it is,thinks that sounds as funny as it is,0.3333333333333333,0,1,2,6,9,0.2222222222222222,36
euphonia_9da1acb446900ea755e3475d89c16d50.wav,cb2d5490160c0d61d109d1c461e35f31e1889a1905c9f11d813535d0c95e04de,val,3.715,"(3.0, 10]",What's for breakfast?,what is for breakfast,what is for breakfast,what is for breakfast,0.0,0,0,0,4,4,0.0,21
euphonia_9fa595a5ca74179621053ed28ecaaa83.wav,e3cb9c275739bdcedee96dc81146274940871039d46343b629eafbff38894487,val,3.158,"(3.0, 10]",Look at her!,look at her,look at her,look at her,0.0,0,0,0,3,3,0.0,11
euphonia_9fb9f60adce38685a99e1d7d599346eb.wav,cff446b434a0c32da61f448a5c7abe4169fed6fd5fe11ba723f3b2bb328e92bb,val,2.972,"(1.0, 3]",Let me see it.,let me see it,let me see it,let me see it,0.0,0,0,0,4,4,0.0,13
euphonia_a05a6fbfadd2f7ea27d439ca25cee7d4.wav,dc091c59f79f3ace2191ba939cbb2c6a8ebb6853efb189799563aed03a1ec7c1,val,3.994,"(3.0, 10]",I was doing excellent.,i was doing excellent,i was doing excel at,i was doing excel at,0.5,1,0,1,3,4,0.14285714285714285,21
euphonia_a2bae96165d132efd5bfa9746218420e.wav,d10b9684048623ba8a7b1fae0bde792045f3fe790fead1e400f895cfaa37ae01,val,14.118,"(10.0, 30]",Yeah well you know if things are going well people tend not to change the administration.,yeah well you know if things are going well people tend not to change the administration,yeah well you know if things are going well people did not choose the admin station,yeah well you know if things are going well people did not choose the admin station,0.3125,0,0,5,11,16,0.125,88
euphonia_a2c1193e9bf89f22ec3ecfc8b3bd0647.wav,d82cb9432833a2266c7c963d8ffa0ac9828d3edd7e342d55f1ac3a374cfe32bf,val,3.251,"(3.0, 10]",Bluetooth pairing.,bluetooth pairing,blues toad parlour,blues toad parlour,1.5,1,0,2,0,2,0.5882352941176471,17
euphonia_a4b205cf27cc840b44900f51adb48d06.wav,d6f33dfa8819356956aea3054d5599303b62bd999bfd6d52d8298d38d565bcd5,val,3.529,"(3.0, 10]",Now you tell us.,now you tell us,now you tell us,now you tell us,0.0,0,0,0,4,4,0.0,15
euphonia_a673deb0a2aaa7265b69671fe5d7afb6.wav,d5aedd422226c3490be7f09407d15281ec69d4dc323cfeb70b16d0a44ff8a773,val,2.694,"(1.0, 3]",Tell me more,tell me more,tell me more,tell me more,0.0,0,0,0,3,3,0.0,12
euphonia_a677a0aaeabe6c35b12a71789d207acf.wav,d076be771f1b9419f88e90fe4fa29de9b926027b725f297bbe2039a979eb49bb,val,2.601,"(1.0, 3]",Mute volume.,mute volume,mute volume,mute volume,0.0,0,0,0,2,2,0.0,11
euphonia_a73dfc3b856c8823804180a7a96ab55e.wav,e5896ffce03e781ad3a73344eee368a89deaf42f812c0b91b5ac2d57622069cc,val,6.223,"(3.0, 10]",how much time is left on the timer,how much time is left on the timer,how much time is left on that time wheel,how much time is left on that time wheel,0.375,1,0,2,6,8,0.23529411764705882,34
euphonia_a75a27eaad99a85e514746e0ef271b6f.wav,debb612d575c52a2a1c1d0ce765c1984d2ddb1e79ff1a4b286d6fbdbc596c24e,val,4.18,"(3.0, 10]",I go the opposite way.,i go the opposite way,i go the opposite way,i go the opposite way,0.0,0,0,0,5,5,0.0,21
euphonia_a77c56276d955cf255ba1e11a95a66c2.wav,e49ce26590b2e7759db5f5fc82432dc73b2c98f5d997f0a352d41aee144e5138,val,7.802,"(3.0, 10]",Under a footbridge at midnight in the park.,under a footbridge at midnight in the park,i do not eat food forage at midnight in the park,i do not eat food forage at midnight in the park,0.75,3,0,3,5,8,0.35714285714285715,42
euphonia_a7f7bd56ae93eac80699c74fa0cdb9a1.wav,e0af866637af31d7ee9076fd871ca040396f1826fa4e0db13f2f73b2e99543de,val,8.359,"(3.0, 10]",The Appalachian Spring suite is calm and flowing.,the appalachian spring suite is calm and flowing,the upper twenty three students become in the florida,the upper twenty three students become in the florida,1.0,1,0,7,1,8,0.6875,48
euphonia_a840cab538619d595940e320ad848b2b.wav,deeeb11c49f4e4bc31231c5d5ed2496dc8f36d68f913e05ffad1586879f47499,val,4.458,"(3.0, 10]",It doesn't seem fast enough.,it does not seem fast enough,it does not seem best enough,it does not seem best enough,0.16666666666666666,0,0,1,5,6,0.07142857142857142,28
euphonia_a84dbb7a8b26724cd97132570cab7d36.wav,e48bd3234277c00671c04bd37ea8b2e6ff414e29ad29f436f2ad3890e357c2d4,val,9.102,"(3.0, 10]",Add 5 ° to each satellite coordinate.,add 5 ° to each satellite coordinate,and five degrees to each set of light coordinate,and five degrees to each set of light coordinate,0.8571428571428571,2,0,4,3,7,0.5555555555555556,36
euphonia_a9359ce741705d426ddab4fb2d8b7620.wav,d9002c79608890266f84e5ef7e061fa62decdaf947cf89dd040ecda4bf8348e9,val,5.016,"(3.0, 10]",Is Bluetooth connected?,is bluetooth connected,is bluetooth connected,is bluetooth connected,0.0,0,0,0,3,3,0.0,22
euphonia_a949482a557be8c03743b44c2b165ec9.wav,e0c2575a3313b885979beac649f4a84ab9cfa96c40c67a71a4417962569085c7,val,5.201,"(3.0, 10]",play some music on Spotify,play some music on spotify,play some music on spotify,play some music on spotify,0.0,0,0,0,5,5,0.0,26
euphonia_a952e11e11eca2c0577862a64c719ce0.wav,da62a5130fddab5635075c525b86c857c6f7b0552bf412ada8bba370c45eab9e,val,3.158,"(3.0, 10]",That's too difficult.,that is too difficult,that is difficult,that is difficult,0.25,0,1,0,3,4,0.19047619047619047,21
euphonia_a9d424742045cb49ea99461ecbc9984a.wav,d7d4e4a99a9ca20c3b96626f8553e1bd679e970a2d7815cd8f5c56bc8df1150b,val,7.059,"(3.0, 10]",I'm having the same kind of problem.,i am having the same kind of problem,i am having the same kind of problem,i am having the same kind of problem,0.0,0,0,0,8,8,0.0,36
euphonia_ab6aea23c9942b13191b3513b4cce32a.wav,d6c76bf841bbcc8ddcf32b153e25923cd09198682e045a01e9ea3d73b31fdf5f,val,3.344,"(3.0, 10]",That makes me laugh.,that makes me laugh,that makes me laugh,that makes me laugh,0.0,0,0,0,4,4,0.0,19
euphonia_ac01180a0b655ecdbc312f316047d287.wav,da686f6054d6ae4398537caf106ed4f8ddc4bf07699726427020a9b4293a5074,val,3.344,"(3.0, 10]",I think that's okay.,i think that is okay,i think that is okay,i think that is okay,0.0,0,0,0,5,5,0.0,20
euphonia_ac7587b4fbd8cda6efd245604a196132.wav,e6efda98556504e493e365dae022ea8f62bc73c38978460f5b1a9e24163707b1,val,4.365,"(3.0, 10]",I think I've had enough.,i think i have had enough,i think i have had enough,i think i have had enough,0.0,0,0,0,6,6,0.0,25
euphonia_ac83f9cce5f53928953f77022e963b9e.wav,da9530cc3d11da366c2e2864655d10cdd062648e9d82015c57672df3acd1afc4,val,9.381,"(3.0, 10]",But I do eat lot of fruits and vegetables.,but i do eat lot of fruits and vegetables,but i do not eat out of fruits and vegetables,but i do not eat out of fruits and vegetables,0.2222222222222222,1,0,1,8,9,0.14634146341463414,41
euphonia_b097052deea3a1f1d7e645536afd921d.wav,d217dbe0b40df70cd255e0e5829549fc390bb446a044f0e611f0a208156792b0,val,1.95,"(1.0, 3]",before,before,before,before,0.0,0,0,0,1,1,0.0,6
euphonia_b0da7e5ad91e453312802cff424fe73c.wav,ce3de07a3df29466af3fcd9be52d8d67d1ac8b4ca8d2a77239f13637d0ad4646,val,2.694,"(1.0, 3]",call husband,call husband,call husband,call husband,0.0,0,0,0,2,2,0.0,12
euphonia_b25ba11b1d3f773963aa97903905406a.wav,e07f3ab2255d9b717e44f178244decf8e34503ea57f53ac1f2eee1d7635689e3,val,3.065,"(3.0, 10]",Can you follow me?,can you follow me,can you follow me,can you follow me,0.0,0,0,0,4,4,0.0,17
euphonia_b2bdd9b2f629ccd9085ea9574800da5b.wav,ded543bf00e8b0871ff24da6f77092124d8b0977298843f8e933316f834d5d65,val,6.78,"(3.0, 10]",here are writers for smack the,here are writers for smack the,here are writers for smogdee bay,here are writers for smogdee bay,0.3333333333333333,0,0,2,4,6,0.26666666666666666,30
euphonia_b4e7565bd8a120311fca1c9fe50e5270.wav,cac3a4407fc0bc3cfaffebce3a75d7cf5040528f8113cf6b0c4d0bce025d3547,val,1.765,"(1.0, 3]",four,four,v,v,1.0,0,0,1,0,1,1.0,4
euphonia_b56c14cc0ec6eb326c7700549ce7bcab.wav,e45099ff559c586d6a672606d7995ce12d141b3fe3e466f5bd67f355a1390a2a,val,4.272,"(3.0, 10]",play 80s music,play 80s music,play its music,play its music,0.3333333333333333,0,0,1,2,3,0.14285714285714285,14
euphonia_b66a833299a51815a8580a1a3aaa3b38.wav,d34b156f2b4c271deae5033835c8cbb341d9c1f18a14935d6fa7f788f66b73a2,val,4.737,"(3.0, 10]",And a cherry turnover.,and a cherry turnover,and usually ten over,and usually ten over,0.75,0,0,3,1,4,0.47619047619047616,21
euphonia_b76b56b4a216ad6c14661109d5965e3c.wav,d2b56096612321f2e019c7a4d4285b4cc6e9cbf159ebc025b439434e74c77a1b,val,6.316,"(3.0, 10]",Saving note: Remember to buy milk.,saving note remember to buy milk,saving note remembered by mark,saving note remembered by mark,0.6666666666666666,0,1,3,2,6,0.1875,32
euphonia_b7dffb8c76cf39aabe6af67126e1609a.wav,deabe15bd859314eede705aa508fe8eb48d4d84e41f722ea8e489b66c4dda8e3,val,5.48,"(3.0, 10]",This Mad Lib needs eight words.,this mad lib needs eight words,this made up nine eat words,this made up nine eat words,0.6666666666666666,0,0,4,2,6,0.36666666666666664,30
euphonia_b90367285af679fd130881d4e0023271.wav,dfe4aef1ed7ee9d6307b398c658f06bef3bd3708a61254dce22f42d780551a65,val,4.365,"(3.0, 10]",They bend him right over.,they bend him right over,the bed has went over,the bed has went over,0.8,0,0,4,1,5,0.3333333333333333,24
euphonia_b9be8348e9a2479036e9c18fb09c8ffb.wav,dad35f1415750eb50e89f683ce5f9964eaf9be06221e628dd443463593354099,val,6.037,"(3.0, 10]",How do I know when a mango is ripe?,how do i know when a mango is ripe,how do i know where am i going to sleep,how do i know where am i going to sleep,0.6666666666666666,1,0,5,4,9,0.4411764705882353,34
euphonia_ba03115e6be5384af76e04e8e1612c62.wav,dee80e4a67ffbab7d5f96ffa03223f930b2fcfeb0e1f9c092d984edef92c6227,val,6.687,"(3.0, 10]",Here are writers for Smack the Pony.,here are writers for smack the pony,here are writers for mike de boone,here are writers for mike de boone,0.42857142857142855,0,0,3,4,7,0.2571428571428571,35
euphonia_bbb5adb133abb77de22bf85e594a0e65.wav,d0e528cdfa335e173f7f5626f7fc87f8041333e3ccb471b463a8c268904237fc,val,6.13,"(3.0, 10]",His new wife was Lucy A White.,his new wife was lucy a white,have you never was always a friend,have you never was always a friend,0.7142857142857143,0,0,5,2,7,0.6551724137931034,29
euphonia_bcad6cd5537a0277b5731d47d95b5e3e.wav,d934d3270f42080c07665e7e6014923e38eae6a23a4668ed10a46b2aad6ec4df,val,3.158,"(3.0, 10]",What am I doing?,what am i doing,what am i doing,what am i doing,0.0,0,0,0,4,4,0.0,15
euphonia_bd41608b87bc1e9ad9e8155d5a2834b9.wav,e37978a7bdbac5d00b0d2a4e16d479d309a205c0a68114306e284d869369d9f8,val,5.108,"(3.0, 10]",The clay oozed excess water.,the clay oozed excess water,the clay used excess water,the clay used excess water,0.2,0,0,1,4,5,0.1111111111111111,27
euphonia_be8055335f5f40ca36e7dd26f1680edb.wav,cb8d59bf22a262ab7ea361628c02bb4609142b57381388bcb7253d210b874b13,val,3.251,"(3.0, 10]",turn off the living room,turn off the living room,tell off the living room,tell off the living room,0.2,0,0,1,4,5,0.125,24
euphonia_be9ad3646eae29d5c89da73c07a79cab.wav,cddb4cba25b79171716d2f4e8a7daa80b1ec01cd5842e33926e74bc52a29d0ae,val,6.13,"(3.0, 10]",Here are some breeds of turkeys.,here are some breeds of turkeys,here are some friends of takis,here are some friends of takis,0.3333333333333333,0,0,2,4,6,0.22580645161290322,31
euphonia_bebc3fb9d609293bcde33ecf6f80db39.wav,d4049c560197bc850408e083398bdbe27b3ecd3e55e93654a52525e8c57d0206,val,2.786,"(1.0, 3]",She got it.,she got it,she got it,she got it,0.0,0,0,0,3,3,0.0,10
euphonia_bf4d8a1898ecbd460653dc7ef6c5bf31.wav,dd460a6e53164d964c5d6335250e46a58be0b5d1a5882c1b6552784821fcbfba,val,4.83,"(3.0, 10]",Repeat with remaining batter.,repeat with remaining batter,repeat with women in battle,repeat with women in battle,0.75,1,0,2,2,4,0.2857142857142857,28
euphonia_c3e9175f897bf1608b87682d59606585.wav,ce05f7e718a1ea7bd0c28af5c7b8becb88a23f0bd69ca9e12d3e22337347e3ac,val,4.087,"(3.0, 10]",There is one flight a day.,there is one flight a day,there is one flight in there,there is one flight in there,0.3333333333333333,0,0,2,4,6,0.28,25
euphonia_c4ea033e0b390dff482ed30689c8da8c.wav,d3acc35d16955e3f574f40eaaec0fc52630cd9b21c20fa15be88fa0be44722f5,val,2.972,"(1.0, 3]",Which one is it?,which one is it,which one is it,which one is it,0.0,0,0,0,4,4,0.0,15
euphonia_c50556b2b609bb01a667ddb9ce8089e1.wav,deb5f572dd0b009a63510c6eb007f7319a377155d91aa00d30fd5f51381e4271,val,3.158,"(3.0, 10]",No man can.,no man can,o micha,o micha,1.0,0,1,2,0,3,0.6,10
euphonia_c5f52ddca20326d7a605b76ff267e2f7.wav,d2665a3a815a3a2398d34644875c8f9c0e365162a799f6738e9abb706dab4ac7,val,10.124,"(10.0, 30]",They're supposed to mean you may get a heart attack or something.,they are supposed to mean you may get a heart attack or something,there are 72 million may that have taken all something,there are 72 million may that have taken all something,0.7692307692307693,0,3,7,3,13,0.5076923076923077,65
euphonia_c610d7c2787dfc91f98208c2c6a6726f.wav,cea844565d3ec0c50d8a7cbb3db22843b667a3a91369a7273ef7f1ea20878ce2,val,12.26,"(10.0, 30]",No one has succeeded in really commercializing thanksgiving.,no one has succeeded in really commercializing thanksgiving,no one has succeeded in real chemistry series and documents,no one has succeeded in real chemistry series and documents,0.625,2,0,3,5,8,0.4576271186440678,59
euphonia_c65717062028c0214fd9a108d7514926.wav,cf8006a5824c080e3b68bd60baedb50bca98a8ff36f14835b7c6c681acfa27ba,val,3.158,"(3.0, 10]",Please let me finish.,please let me finish,please let me finish,please let me finish,0.0,0,0,0,4,4,0.0,20
euphonia_c66e5170c5c76a7c5fd6505cd6f00196.wav,dd55cee14f6757b9601a751c8f48fa9a568d00af469a23f8121b8efe5806a906,val,6.966,"(3.0, 10]",It provides useful tensile strength.,it provides useful tensile strength,it provides us for tensile strength,it provides us for tensile strength,0.4,1,0,1,4,5,0.08571428571428572,35
euphonia_c6b53167f5bc9f24b84bb99672cd8c9d.wav,d37a46fc17cd14f6b4337f065aa8e67be1a597bc596e672c5db148ff23fad0fd,val,2.972,"(1.0, 3]",play next song,play next song,play next song,play next song,0.0,0,0,0,3,3,0.0,14
euphonia_c71240d76485ce41762cd0929411944d.wav,e02426aeb9f584f35aabefa475618a80bd4c1c43673e4caf4cde71e14d5cffc7,val,2.415,"(1.0, 3]",Give me some?,give me some,give me some,give me some,0.0,0,0,0,3,3,0.0,12
euphonia_c75deac6e26e7a95c50bed0fafec879e.wav,d1df79925b40a2ca1e1a3fb6faf662bb1d4d5b6b6cd755548114fa1f6ed10a5c,val,5.944,"(3.0, 10]",Right here it said everything.,right here it said everything,right here its said everything,right here its said everything,0.2,0,0,1,4,5,0.034482758620689655,29
euphonia_c7d611118f7287a550861b70a90cdf59.wav,ceeb2e4bacf59eec2385e0d330c32466c781416432895752dd3e136d2c93851b,val,3.529,"(3.0, 10]",Are you messing with me?,are you messing with me,are you with me,are you with me,0.2,0,1,0,4,5,0.34782608695652173,23
euphonia_c889139ba709983a3e2f370b79a7d00c.wav,d0d5b41f6548fc7b8e5e7d23adf76c0a5541744d888bc4ef7a74748061568f40,val,7.152,"(3.0, 10]",That'd be pretty early to be getting married.,thatd be pretty early to be getting married,that would be pretty early to be that married,that would be pretty early to be that married,0.375,1,0,2,6,8,0.2558139534883721,43
euphonia_cbba34c6ea95cd58dd68e8163d0c434e.wav,d5af26b9a37e1c321f44a98fae157b8da2384e276afb9f1d377c3fc24b7a9346,val,3.251,"(3.0, 10]",I don't feel very well.,i do not feel very well,i do not feel very well,i do not feel very well,0.0,0,0,0,6,6,0.0,23
euphonia_ccd51132fce4758cb2a2901fbf34dac4.wav,ceae45589e485f10601c22503551b797bb6a102c2c0de966dcc740199f73e928,val,6.594,"(3.0, 10]",The game that sounds as fun as it is.,the game that sounds as fun as it is,thickest that sounds as fun as it is,thickest that sounds as fun as it is,0.2222222222222222,0,1,1,7,9,0.16666666666666666,36
euphonia_ce4782cd9ec6831cb14bab9709a414bb.wav,cb31a69e8339b675116a1219621e6cbf8208dab0fcac5dc477f54f376633166a,val,4.644,"(3.0, 10]",It was installed there.,it was installed there,it was installed in there,it was installed in there,0.25,1,0,0,4,4,0.13636363636363635,22
euphonia_d19f78c14f32541b6182e54f2813a3a8.wav,cfa0a2a1988080c03e7254dee1b7d5cabe24d327910dda73837ca35223235611,val,3.158,"(3.0, 10]",Shall I send a car?,shall i send a car,show zen oc,show zen oc,1.0,0,2,3,0,5,0.6111111111111112,18
euphonia_d1da73af8f05284ffaf9f3cf9c9f42f7.wav,d7bad249bd70088b39c119beb41b3e622344bc644d690020543f7b7304014932,val,3.901,"(3.0, 10]",Where do you go to school?,where do you go to school,when do you go to school,when do you go to school,0.16666666666666666,0,0,1,5,6,0.08,25
euphonia_d226cb1061af98d1022bab5a6ecbeae4.wav,da79a355f73409517dd5ddec31ec652962844cd375db72312f152630eab743aa,val,2.786,"(1.0, 3]",I need to sleep.,i need to sleep,i need to sleep,i need to sleep,0.0,0,0,0,4,4,0.0,15
euphonia_d36528d4eb1c71cb8cacc1ca827d2233.wav,d69d6ca94032fd7c3f42b22b737661c4d369544721f3fbdf2274aead062da19f,val,2.879,"(1.0, 3]",What's the forecast?,what is the forecast,what is the forecast,what is the forecast,0.0,0,0,0,4,4,0.0,20
euphonia_d399a3d55b2ee42c184d0ec6c6a434cd.wav,cc84daa45d8c9db29520e067eae320e4ddbb2c4a11a79a08b580644107fec773,val,2.601,"(1.0, 3]",turn off all lights,turn off all lights,turn off all lights,turn off all lights,0.0,0,0,0,4,4,0.0,19
euphonia_d41ad0f4b8b053772de014614782dba3.wav,cedd86a635394687895503c5a16f7940c3230a726ae651eef3f7f09ef61a326d,val,3.529,"(3.0, 10]",warm southern wind,warm southern wind,rebside down with,rebside down with,1.0,0,0,3,0,3,0.7222222222222222,18
euphonia_d478855905bf50506a613861ee1e6c32.wav,e5c8acced2db886b33b0735a0ed35a8ff2066335d70b58735025a2126f1f3b0f,val,7.059,"(3.0, 10]",The song is well worth several listens.,the song is well worth several listens,the song is well worth saving resources,the song is well worth saving resources,0.2857142857142857,0,0,2,5,7,0.3157894736842105,38
euphonia_d4804235271e157c6b44fcdab48ff8a4.wav,e5dd048f662d4cfbbdb204db9cf1177f7fa32a12d16c808edfe9754bd850d8e6,val,3.437,"(3.0, 10]",Explain that to me.,explain that to me,examine that today,examine that today,0.75,0,1,2,1,4,0.3888888888888889,18
euphonia_d4ed30f4f6644f6abb3515ea677e46a6.wav,d023764c35ed3d16d02e9acc117cee83358a6d20b82fca06b0adc923246a8f62,val,2.136,"(1.0, 3]",call Lisa,call lisa,call sarah,call sarah,0.5,0,0,1,1,2,0.4444444444444444,9
euphonia_d60ff3461087d36b9a36acf04697238a.wav,cdf0851aee4890d12d18cd3f83d006b3c9594cd4ccfde8fbbf1201ff10bf76e2,val,2.786,"(1.0, 3]",What else is on?,what else is on,what else is on,what else is on,0.0,0,0,0,4,4,0.0,15
euphonia_d62fd4b5ccb710db15b512a730f65388.wav,e3a0e5407249df3eb8b481c2076d99990b191b1853eecc961a943058c40b2392,val,8.452,"(3.0, 10]",San Francisco was founded in 1776.,san francisco was founded in 1776,sales physical was founded in 1776,sales physical was founded in 1776,0.3333333333333333,0,0,2,4,6,0.3333333333333333,33
euphonia_d87fbf256ee34520cff2fa7f132212f3.wav,de9788b12f9c30ae21a534bc6d552b5e29bda14ac548aef864cd0820834c8425,val,3.622,"(3.0, 10]",Long-press.,longpress,julie please,julie please,2.0,1,0,1,0,1,0.8888888888888888,9
euphonia_d8bafed00e86b4c9547e07b149d44997.wav,dd358d009980e23e982e174560c97f72fa8b49cb82d5b3f1fac8bccbf310e87f,val,3.437,"(3.0, 10]",turn off the lights,turn off the lights,turn off the lights,turn off the lights,0.0,0,0,0,4,4,0.0,19
euphonia_d984ad24cdc738ef58945aea5f06c03b.wav,e75a252743de9c2e4e40e559d1b1d4fe4aeb0a5608875ec969339da9417a0aca,val,7.152,"(3.0, 10]",Sounds like Snuffles had a great meal!,sounds like snuffles had a great meal,sounds like snuffles had a great meal,sounds like snuffles had a great meal,0.0,0,0,0,7,7,0.0,37
euphonia_da1c50dbee4cafe5dd82028b6a6b251b.wav,d96346adb068402eed5e0af72c508005ff336cd8e906488fe74bc1277ecbd5c3,val,7.152,"(3.0, 10]",So what was that other word for human.,so what was that other word for human,so what was that other word for human,so what was that other word for human,0.0,0,0,0,8,8,0.0,37
euphonia_da65fa840531873a080c618796d3dc96.wav,e2aeead4b7c420b459700eae33dac8c96a41b7c89a85ab7f038a4531b12dc612,val,3.622,"(3.0, 10]",What's this song called?,what is this song called,what is this so cool,what is this so cool,0.4,0,0,2,3,5,0.25,24
euphonia_da8edebc8e7ca381b61adc5e089f2301.wav,d18528b4121d32ad7c6f765c6a7226580f90878301e476b91df22d1dd1d54530,val,4.18,"(3.0, 10]",Manray needs a job.,manray needs a job,mandy will dance a scrub,mandy will dance a scrub,1.0,1,0,3,1,4,0.8333333333333334,18
euphonia_db6e9e263871ed2f241eca2ba7a63264.wav,cb3c0537b7ba82c798d63d8d10bdcd4233c5b4b56418c5738258c286dabe1a5f,val,3.994,"(3.0, 10]",I'll try and call you.,ill try and call you,i try and call you,i try and call you,0.2,0,0,1,4,5,0.1,20
euphonia_dc52c9cd84f6c7315d1b990fd8d4967c.wav,cbf152c193585f079ee2679a9e4056ae4df93edff75fa0b84910efa76ac7cf00,val,2.508,"(1.0, 3]",Where do I go?,where do i go,where do i go,where do i go,0.0,0,0,0,4,4,0.0,13
euphonia_dc8403416f70e8dc8643dcc15ce39a75.wav,d3ea85e68eb315bae6c97d058e482abbc08b0136508cd197f2676a6878307e30,val,4.737,"(3.0, 10]",Okay upload recordings.,okay upload recordings,okay upload recordings,okay upload recordings,0.0,0,0,0,3,3,0.0,22
euphonia_dd1ae42f59d5ba601695dfb8b3c7d599.wav,e681ed1d1a04437c2c7802e1011407578edb78023379260e7f98489bc712363c,val,6.966,"(3.0, 10]",I have the best name for you: Big Cheese!,i have the best name for you big cheese,i have the best name for you big chis,i have the best name for you big chis,0.1111111111111111,0,0,1,8,9,0.07692307692307693,39
euphonia_dd7e1db147b02b1af18ac98fd9819735.wav,dc6536b828d6a9dcf44debe8e5c5dfc9ad60b8a69ae85dd72d98bdda01969859,val,2.694,"(1.0, 3]",What's this song?,what is this song,what is the song,what is the song,0.25,0,0,1,3,4,0.11764705882352941,17
euphonia_dfb5f40172d16729f2e8636827eccf15.wav,ce97587136fcb1598cf4aa34aa08e8f1735457c460df6a781f9b6f1beaf85d0b,val,8.916,"(3.0, 10]",You have a calendar entry today at 4:15 p.m.,you have a calendar entry today at 415 pm,you have a correct answer today at 450 pm,you have a correct answer today at 450 pm,0.3333333333333333,0,0,3,6,9,0.34146341463414637,41
euphonia_e08331499be76aba5f25bf9d8aab4872.wav,d017882dbdc7a8d4eae754ef326b603f511589bf69d031492e59349f3cd8441f,val,4.458,"(3.0, 10]",What have you been up to?,what have you been up to,what have you been up to,what have you been up to,0.0,0,0,0,6,6,0.0,24
euphonia_e139eab9fb1e1a11e4a614bd6a75af0f.wav,dbb648d6cfdba09b3b58d4844107a60a7691f3471353fa2a23b8618675b7c0d7,val,4.551,"(3.0, 10]",Sounds like a cool job.,sounds like a cool job,sounds like a q amp,sounds like a q amp,0.4,0,0,2,3,5,0.3181818181818182,22
euphonia_e17df0bd815865a0786b4c0f2166f1c3.wav,d62e6b8d019c5bb329ceccc1cd22e61f5f5a77f7ad073f21b2fd27703dd97387,val,3.529,"(3.0, 10]",play soft music,play soft music,play soft music,play soft music,0.0,0,0,0,3,3,0.0,15
euphonia_e1ac1d5d9e551cbecdafe13e8cec2ce2.wav,da4644d8915fd7fe0678614a37b8e56982c907c257861d0dac001a0f02031efd,val,3.344,"(3.0, 10]",What is next?,what is next,what is next,what is next,0.0,0,0,0,3,3,0.0,12
euphonia_e1c9bb4eb3079615a8d7b3a20d7a739b.wav,db257e327a2d4e787dc497dc374e338c569394c40177e66c0363ff9e115a2d83,val,10.681,"(10.0, 30]",Saint Petersburg College was founded in 1927.,saint petersburg college was founded in 1927,set pretty booger college was founded in 1927,set pretty booger college was founded in 1927,0.42857142857142855,1,0,2,5,7,0.25,44
euphonia_e235c7040f85170ce80ba7685dfc17a2.wav,db59c16e52bcd42bb18f5440b828820146145e8685842730a5ccfd3af4e08924,val,4.18,"(3.0, 10]",volume 50%,volume 50,volume 50,volume 50,0.0,0,0,0,2,2,0.0,9
euphonia_e354901e577ba53042eaebdb692b57fe.wav,e5fb623f94a245e154a7287868de505dabffafb00d3c669b8eecafb191c2e2f9,val,3.529,"(3.0, 10]",How often can I get it?,how often can i get it,how ever can i get it,how ever can i get it,0.16666666666666666,0,0,1,5,6,0.18181818181818182,22
euphonia_e42864f35a820b449a268db66a97c0e3.wav,dd4fb06eb77050f007db11ec617857908d0fbaafef986755d91cf9265987a738,val,2.601,"(1.0, 3]",I'm leaving,i am leaving,i am leaving,i am leaving,0.0,0,0,0,3,3,0.0,12
euphonia_e6670a3fb3db300cbe3de2f9c6815732.wav,dd45b6c4e271fe5405ce9d1ecbe81072d13915bf4abe36403bce3e08ca75c5d2,val,2.694,"(1.0, 3]",turn off lamp,turn off lamp,turn off lamp,turn off lamp,0.0,0,0,0,3,3,0.0,13
euphonia_e69d6a8d22dba11a75c816499a303c01.wav,dc8d618398e66592cc985eda8553c35148dc10da6791070262a66941c89f61c9,val,4.18,"(3.0, 10]",Call me back when you can.,call me back when you can,call me back for a weekend,call me back for a weekend,0.5,0,0,3,3,6,0.48,25
euphonia_e6cbc1e54be8ea73800da323f887bc92.wav,e1f1d06ed16840331fba55f73fee2f521e554a7c7d9154855ab859503e5b9f1f,val,4.365,"(3.0, 10]",I don't understand what happened,i do not understand what happened,i do not understand what happened,i do not understand what happened,0.0,0,0,0,6,6,0.0,33
euphonia_e749b0bf59cfa6462c6ca41c97a74202.wav,cd239e3518bad92928c9b71127ada1ae1dd8c143da501796e91c234600b16527,val,4.087,"(3.0, 10]",So why don't we do that?,so why do not we do that,so what do you do that,so what do you do that,0.42857142857142855,0,1,2,4,7,0.2916666666666667,24
euphonia_e9297fd58a38e09421d6780e6e6c72dd.wav,cc1f2b49c614b5d67bfbf53c47c9cb8a6e860017656826ba74424201b7731af8,val,2.136,"(1.0, 3]",Before dinner.,before dinner,be better,be better,1.0,0,0,2,0,2,0.6153846153846154,13
euphonia_ea4b2a4fdd48da4494de7264d3b9ae08.wav,d0f39386832ef834a291cd221722e881ca9e96e6056733896657cd2d85e1f29e,val,4.087,"(3.0, 10]",Unmute media volume.,unmute media volume,i meet with you following,i meet with you following,1.6666666666666667,2,0,3,0,3,1.0526315789473684,19
euphonia_ea6fd06b4994ac738f36e5bd5975ebb1.wav,e740b7c82f50d647e697d3dfe4c336cba66bc44dd482466f922b85fcf0d1b239,val,3.529,"(3.0, 10]",I think that's good.,i think that is good,i think that is good,i think that is good,0.0,0,0,0,5,5,0.0,20
euphonia_eb077688f48241d32f3f61e453f88649.wav,d8388bda75a8103de7a8ee8b822f04d85039448b86c7bf29faf2556501f054d9,val,5.201,"(3.0, 10]",I don't put too much behind it.,i do not put too much behind it,i do not think too much for it,i do not think too much for it,0.25,0,0,2,6,8,0.3548387096774194,31
euphonia_ec5b22c7dd1b1e0c600103bf6287352c.wav,def6afa635eaaaadf58a01d5a9fd803c0eeb0a917e9856d89eca80ca5e7bb903,val,2.508,"(1.0, 3]",Do you think so?,do you think so,do you think so,do you think so,0.0,0,0,0,4,4,0.0,15
euphonia_ec67884a0568996bfdfd3ba995638738.wav,cf4258fa31132a49f86fa88b199886b46e15a343d2ab025c415c049203f4c89d,val,5.294,"(3.0, 10]",Why did they go to all that trouble?,why did they go to all that trouble,i did not go to all that trouble,i did not go to all that trouble,0.25,0,0,2,6,8,0.2,35
euphonia_ec7820aad3f6143c2dfdfd5122de05db.wav,cc6949b33d79cb0d23cac34cf61818e18634652c71381486bf12d93f0ef56b63,val,2.786,"(1.0, 3]",I'm very hot.,i am very hot,i am very hot,i am very hot,0.0,0,0,0,4,4,0.0,13
euphonia_ecbb8ee87e10172599e937481c64141e.wav,dde4fb0c04ea154ec25e63cdadc2bd1fd0245092066af1d229bfa3c31173bce3,val,1.858,"(1.0, 3]",call my love,call my love,call my love,call my love,0.0,0,0,0,3,3,0.0,12
euphonia_ed6e8589d0b733d129a9d2f8acca8d22.wav,cd7b85588097ad1097cb8ebbeeb2690b913909d6258dcc12afe162806d6172a5,val,2.322,"(1.0, 3]",How are you?,how are you,how are you,how are you,0.0,0,0,0,3,3,0.0,11
euphonia_ed78cdb2588ff22f348cadfd7e2b1919.wav,de2e39a9df3bb5db5738d3237f4e0738ee29ef286e62281c868dab8fb8eb0dc4,val,3.158,"(3.0, 10]",What do I do now?,what do i do now,what do i do now,what do i do now,0.0,0,0,0,5,5,0.0,16
euphonia_edb7c7e4ba98739ba18ef234c5d2770c.wav,cda306ce90971e2140f6c755ccbadfd69bbcff1eb8f2f94fc8505d469bca2fd8,val,2.508,"(1.0, 3]",stop playing,stop playing,stop playing,stop playing,0.0,0,0,0,2,2,0.0,12
euphonia_ee84ef431b40693df9b521f75a02eaf1.wav,d9050b73c4138ba0ed3fd33bd186b0f40fc9e9eb0b3ed5c32eb35936115763c4,val,3.344,"(3.0, 10]",You've got time.,you have got time,you have got time,you have got time,0.0,0,0,0,4,4,0.0,17
euphonia_f0078845b7bd6147a68c6513bf76036d.wav,dab4c5dd0af892b2fdf2320358a01fad515f708eeb51111501790d357c39656d,val,3.251,"(3.0, 10]",It bit the dust.,it bit the dust,it but they died,it but they died,0.75,0,0,3,1,4,0.3333333333333333,15
euphonia_f06e112ab7c0bff8c5f8466c2ed3d18c.wav,cbb960058c0de5cefea6b5f0a5884d5146e4284173bb3393643d823003ea0a31,val,3.994,"(3.0, 10]",Who are you talking about?,who are you talking about,who are you talking about,who are you talking about,0.0,0,0,0,5,5,0.0,25
euphonia_f106632dfe603c28c7680f8bf43165e1.wav,e30453e97181608676a13809eae876b2b2bccd0115847608399caf81507ee389,val,4.923,"(3.0, 10]",I don't have to go to work today.,i do not have to go to work today,i do not have to go to work today,i do not have to go to work today,0.0,0,0,0,9,9,0.0,33
euphonia_f10c56d0ffd44aa0893051f6b62580f6.wav,d33aa633ff32f9ad23bd75d844ce38f1ebdfde21ef5f2562d8c373e09d78298b,val,3.808,"(3.0, 10]",Do you know who that is?,do you know who that is,do you know who that is,do you know who that is,0.0,0,0,0,6,6,0.0,23
euphonia_f1407fe97172b41a94409f96cf4499da.wav,d8dd9c5a83eb217655f232fe35c1c0abcf55a9a2c4400b6752cf902d17ed90be,val,5.294,"(3.0, 10]",They cut a deal on our climate?,they cut a deal on our climate,the cut and dry are accurate,the cut and dry are accurate,0.8571428571428571,0,1,5,1,7,0.5,30
euphonia_f160567253f73cd2664dbc72895df83d.wav,e32ea22ca270dce34d649240fcc29bf4c939e8f6b92868a644a3c2e780f549d1,val,3.344,"(3.0, 10]",Play Kidz Bop,play kidz bop,play kazoo pop,play kazoo pop,0.6666666666666666,0,0,2,1,3,0.38461538461538464,13
euphonia_f18da0eafb27aca75e15c3c3f5d6b1ec.wav,df3a86458cb301c280f9648dcc8f927ac4a81967af5872dceb4416713b28d36f,val,14.582,"(10.0, 30]",I've always been one of those people that doesn't have a valentine on valentine's day.,i have always been one of those people that does not have a valentine on valentines day,i have always been one of those people that does not have a fountain of faletins there,i have always been one of those people that does not have a fountain of faletins there,0.23529411764705882,0,0,4,13,17,0.1724137931034483,87
euphonia_f1dc1138d80e4db8131be508aec2379b.wav,e48f58cae43e1489503872846ead0e0f2b0e71813e9b656c699f3b6de906fde8,val,6.316,"(3.0, 10]",I had a feeling you were going to ask that.,i had a feeling you were going to ask that,i had a feeling you were going to eat that,i had a feeling you were going to eat that,0.1,0,0,1,9,10,0.07142857142857142,42
euphonia_f3a73b1f8e532c123f5b22a9bd3f1c4c.wav,d862704f5d9b29491dac7a8bf37bbe07da51f241aa05970f31bf1de50b3f9424,val,12.725,"(10.0, 30]",You know like I wanna hear about the results if they ever publish them.,you know like i wanna hear about the results if they ever publish them,you know like i was not here about the results of their own public name,you know like i was not here about the results of their own public name,0.5714285714285714,1,0,7,7,14,0.2714285714285714,70
euphonia_f3b6d3ec8759e985bccadd32ccc05132.wav,cc30ceae3e1f8394046977e63392f9b2bc98453e4a4469c27718851fc667e687,val,3.065,"(3.0, 10]",What time is it?,what time is it,what time is it,what time is it,0.0,0,0,0,4,4,0.0,15
euphonia_f488f93691e3e99722980ff6bffe8ad2.wav,e3dbac77f17e2fafbafcf1f3cf9183d90ce44f097c6f0fc08e2b362a35213531,val,3.622,"(3.0, 10]",I so agree.,i so agree,i so agree,i so agree,0.0,0,0,0,3,3,0.0,10
euphonia_f4b5b90650320f0eaf0e8c1e9251c63c.wav,ccb0762e5ca679ab8da545ce773da7d64f024ca8f408f0a9747dd893f32e6564,val,3.437,"(3.0, 10]",For the food business.,for the food business,for the food business,for the food business,0.0,0,0,0,4,4,0.0,21
euphonia_f4efba2b6602d39775b8f75795dbd375.wav,d936cf943992d27af635c3ff2c827108f3ac84aa0ad53d2d7823fd7d780ecb70,val,2.415,"(1.0, 3]",I'm doing well.,i am doing well,i love this one,i love this one,0.75,0,0,3,1,4,0.8,15
euphonia_f527157603fdc5317801f5a493541652.wav,d5c355d559eee00e1858080e738622c0eb64bb94c075ef1416be930141f1c5e5,val,3.529,"(3.0, 10]",Merrick signed on.,merrick signed on,elike soundbar,elike soundbar,1.0,0,1,2,0,3,0.6470588235294118,17
euphonia_f561b8ad978f1632a038b92688b2228c.wav,e775fc132b94442cc366d6eb567c72370105e31181665bbd0063136cfd088667,val,3.622,"(3.0, 10]",It's time to leave.,its time to leave,its time to leave,its time to leave,0.0,0,0,0,4,4,0.0,17
euphonia_f5a79e4238df13cd4ce361f33371310d.wav,e1933814ac40ebca88800547c3edde95f2ebb253736b8bca2a0bec71bcbdf124,val,2.694,"(1.0, 3]",What are you doing?,what are you doing,what are you doing,what are you doing,0.0,0,0,0,4,4,0.0,18
euphonia_f5dbc05089ac67824b46858ca0329d85.wav,ce815919ed9b1ef97b37b1dfd5277290b0f9695d7d637efc1c39382d3267c46a,val,3.622,"(3.0, 10]",Why don't you give it to me?,why do not you give it to me,why did we give it to me,why did we give it to me,0.375,0,1,2,5,8,0.2857142857142857,28
euphonia_f5e7d2259fc7734bedd494b9aae76c69.wav,ccc1bcc731502f037d260518761a71d64cff41c6a481517dc41d46feeae1632d,val,10.403,"(10.0, 30]",Your reservation at Hotel Monaco ends July 23rd.,your reservation at hotel monaco ends july 23rd,you are leaving for it hotel monologue and sis run 23,you are leaving for it hotel monologue and sis run 23,1.25,3,0,7,1,8,0.5531914893617021,47
euphonia_f7db096ef8f4ca2a3884e6e36b654f09.wav,df829e7bc41129b0305d4f853598db95b3e80737a212394f5ed7d3d72a65bd11,val,2.136,"(1.0, 3]",Directions,directions,directions,directions,0.0,0,0,0,1,1,0.0,10
euphonia_f8199d4d0218910c624319a2546f7221.wav,ddb758f8c93b95da914ac0ea7443692c77761bb1f6b24c9e59f7effb45cb5cc5,val,2.229,"(1.0, 3]",It is alright.,it is alright,its alright,its alright,0.6666666666666666,0,1,1,1,3,0.15384615384615385,13
euphonia_f8f4f8d6d3540cd089245c420213dec0.wav,cee604323e514b9331c458b2addac32f5e820ef752bf21697d8725d26df26e96,val,2.786,"(1.0, 3]",Can you follow me?,can you follow me,can you follow me,can you follow me,0.0,0,0,0,4,4,0.0,17
euphonia_f982bf7e8fa4bb80de84b8413f8bb224.wav,ce906dc3c76b23ba85bfd6fff0abbd0b22772c1b365450e8845f0ad5c62df528,val,3.622,"(3.0, 10]",A Dodge Charger.,a dodge charger,the use of trussia,the use of trussia,1.3333333333333333,1,0,3,0,3,1.0,15
euphonia_f988953ee8bbd150a539c84dd93df7a1.wav,dbe8bdc748aa4983c7ab0b1aec4596061bfb0b37d0b9f39508f8b4c157419f81,val,12.632,"(10.0, 30]",Although my kids are only one and so for now it's kind of easy,although my kids are only one and so for now its kind of easy,order by cards on olima and so for now its card size,order by cards on olima and so for now its card size,0.6428571428571429,0,2,7,5,14,0.4918032786885246,61
euphonia_fa3f3d84a6e34f6f10e09e806dae6611.wav,db3f62cff6f36d9aadce2212120c9f8c22bcfbd19e9e8cdce4d7c40b658eb4f1,val,4.272,"(3.0, 10]",turn off living room light,turn off living room light,turn off living room light,turn off living room light,0.0,0,0,0,5,5,0.0,26
euphonia_fcab4635555dc94884f6ad0a27f92e44.wav,cf1970f9e532c7de43809b31474b4889994023888df1d15fd73b79fc462a4d7d,val,7.245,"(3.0, 10]",Higgins is rude to them on their arrival.,higgins is rude to them on their arrival,hounds is allowed to name their lover,hounds is allowed to name their lover,0.625,0,1,4,3,8,0.575,40
euphonia_fd17d8ffe06c991eb380388541463008.wav,dff3b83cc1767e4f1728eeec2b86a5d2d19c83d7e25dd32cae8a353fab3c3f12,val,2.694,"(1.0, 3]",move after,move after,move after,move after,0.0,0,0,0,2,2,0.0,10
euphonia_fd43c9e015619bdf74d7685fc6868663.wav,de42543feaa2400a17fe4435c4542bcc5a87d6d4e9a787bfbcf59dfa22c84efa,val,2.322,"(1.0, 3]",volume one,volume one,follow you up,follow you up,1.5,1,0,2,0,2,0.9,10
euphonia_fe6a1500f95122815b962e08d225e37b.wav,d5b2d02b77f68a7412a98a1d77d7dd2c44eef3c7e53232dfd0c896643d6028d7,val,4.551,"(3.0, 10]",Rialto is wide and long.,rialto is wide and long,i do not want to eat it,i do not want to eat it,1.4,2,0,5,0,5,0.8260869565217391,23
euphonia_fe9cdeba9b71f7673360ed5ec702d296.wav,dfe4bec6314c4ed67df63332e58da54fc4780180ebc1d3a0041a0906be37da29,val,2.508,"(1.0, 3]",next song,next song,next song,next song,0.0,0,0,0,2,2,0.0,9
euphonia_ff21f8da45d2a76d6c2f9f647c17b594.wav,d38d314ea696d14d4972719ce53b89dbab7f7897c0a0f60af2ccf11f26130575,val,1.672,"(1.0, 3]",Cut.,cut,cout,cout,1.0,0,0,1,0,1,0.3333333333333333,3
